matchup_key,away_team,home_team,away_spread_line,home_spread_line,away_moneyline,home_moneyline,total_line,source,source_book
CIN@PIT,CIN,PIT,2.5,-2.5,106.0,-139.0,55.5,/home/runner/work/nfl-betting-automation/nfl-betting-automation/data/current_odds_api.json,DraftKings
KC@MIA,KC,MIA,-12.5,12.5,-800.0,527.0,54.5,/home/runner/work/nfl-betting-automation/nfl-betting-automation/data/current_odds_api.json,DraftKings
NE@JAX,NE,JAX,5.5,-5.5,201.0,-272.0,41.5,/home/runner/work/nfl-betting-automation/nfl-betting-automation/data/current_odds_api.json,DraftKings
NYJ@DET,NYJ,DET,6.5,-6.5,297.0,-415.0,36.5,/home/runner/work/nfl-betting-automation/nfl-betting-automation/data/current_odds_api.json,DraftKings
LAC@BUF,LAC,BUF,-2.5,2.5,-152.0,115.0,48.5,/home/runner/work/nfl-betting-automation/nfl-betting-automation/data/current_odds_api.json,DraftKings
TEN@NYG,TEN,NYG,3.5,-3.5,154.0,-205.0,31.5,/home/runner/work/nfl-betting-automation/nfl-betting-automation/data/current_odds_api.json,DraftKings
CAR@CLE,CAR,CLE,-1.5,1.5,-115.0,-114.0,29.5,/home/runner/work/nfl-betting-automation/nfl-betting-automation/data/current_odds_api.json,DraftKings
SEA@WAS,SEA,WAS,-3.5,3.5,-209.0,157.0,40.5,/home/runner/work/nfl-betting-automation/nfl-betting-automation/data/current_odds_api.json,DraftKings
HOU@IND,HOU,IND,5.5,-5.5,186.0,-250.0,36.5,/home/runner/work/nfl-betting-automation/nfl-betting-automation/data/current_odds_api.json,DraftKings
ARI@SF,ARI,SF,7.5,-7.5,310.0,-395.0,48.5,/home/runner/work/nfl-betting-automation/nfl-betting-automation/data/current_odds_api.json,DraftKings
MIN@TB,MIN,TB,-1.5,1.5,-118.0,-102.0,42.5,/home/runner/work/nfl-betting-automation/nfl-betting-automation/data/current_odds_api.json,DraftKings
BAL@DAL,BAL,DAL,-3.0,3.0,-166.0,140.0,53.5,/home/runner/work/nfl-betting-automation/nfl-betting-automation/data/current_odds_api.json,DraftKings
LV@NO,LV,NO,3.5,-3.5,160.0,-192.0,43.5,/home/runner/work/nfl-betting-automation/nfl-betting-automation/data/current_odds_api.json,DraftKings
LAR@DEN,LAR,DEN,-1.5,1.5,-130.0,110.0,44.5,/home/runner/work/nfl-betting-automation/nfl-betting-automation/data/current_odds_api.json,DraftKings
PHI@CHI,PHI,CHI,-4.5,4.5,-218.0,180.0,41.5,/home/runner/work/nfl-betting-automation/nfl-betting-automation/data/current_odds_api.json,DraftKings
