dimension,value,games,decisions,straight_up_wins,engine_side_games,engine_side_aligned,graded_bets,bet_wins,bet_losses,bet_pushes,straight_up_hit_rate,engine_side_alignment_rate,bet_win_rate
best_edge_market,NONE,82,0,0,0,0,0,0,0,0,,,
best_edge_market,spread,10,0,0,0,0,0,0,0,0,,,
best_edge_market,total,3,0,0,0,0,0,0,0,0,,,
best_edge_side,AWAY,4,3,0,4,4,0,0,0,0,0.0,1.0,
best_edge_side,HOME,6,2,0,6,6,0,0,0,0,0.0,1.0,
best_edge_side,NONE,82,0,0,0,0,0,0,0,0,,,
best_edge_side,OVER,3,0,0,0,0,0,0,0,0,,,
data_quality_status,DEGRADED,46,0,0,0,0,0,0,0,0,,,
data_quality_status,NONE,16,0,0,0,0,0,0,0,0,,,
data_quality_status,OK,33,0,0,0,0,0,0,0,0,,,
division_game,false,55,0,0,0,0,0,0,0,0,,,
division_game,true,40,0,0,0,0,0,0,0,0,,,
expectation_sample_warning,false,95,0,0,0,0,0,0,0,0,,,
market_expectation_pick_alignment,aligned,4,0,0,0,0,0,0,0,0,,,
market_expectation_pick_alignment,conflict,4,0,0,0,0,0,0,0,0,,,
market_expectation_pick_alignment,neutral,2,0,0,0,0,0,0,0,0,,,
market_expectation_pick_alignment,no_pick,82,0,0,0,0,0,0,0,0,,,
market_expectation_pick_alignment,non_side_pick,3,0,0,0,0,0,0,0,0,,,
market_expectation_side,AWAY,33,22,9,4,1,0,0,0,0,0.4091,0.25,
market_expectation_side,HOME,44,33,22,4,3,0,0,0,0,0.6667,0.75,
market_expectation_side,NEUTRAL,18,0,0,0,0,0,0,0,0,,,
overperformance_pick_alignment,aligned,3,0,0,0,0,0,0,0,0,,,
overperformance_pick_alignment,conflict,6,0,0,0,0,0,0,0,0,,,
overperformance_pick_alignment,neutral,1,0,0,0,0,0,0,0,0,,,
overperformance_pick_alignment,no_pick,82,0,0,0,0,0,0,0,0,,,
overperformance_pick_alignment,non_side_pick,3,0,0,0,0,0,0,0,0,,,
overperformance_side,AWAY,36,23,10,4,1,0,0,0,0,0.4348,0.25,
overperformance_side,HOME,27,20,17,5,2,0,0,0,0,0.85,0.4,
overperformance_side,NEUTRAL,32,0,0,0,0,0,0,0,0,,,
pythagorean_pick_alignment,aligned,8,0,0,0,0,0,0,0,0,,,
pythagorean_pick_alignment,conflict,2,0,0,0,0,0,0,0,0,,,
pythagorean_pick_alignment,no_pick,82,0,0,0,0,0,0,0,0,,,
pythagorean_pick_alignment,non_side_pick,3,0,0,0,0,0,0,0,0,,,
pythagorean_side,AWAY,41,30,16,4,3,0,0,0,0,0.5333,0.75,
pythagorean_side,HOME,47,29,24,6,5,0,0,0,0,0.8276,0.8333,
pythagorean_side,NEUTRAL,7,0,0,0,0,0,0,0,0,,,
spread_status,blocked,74,0,0,0,0,0,0,0,0,,,
spread_status,lean,10,0,0,0,0,0,0,0,0,,,
spread_status,playable,11,0,0,0,0,0,0,0,0,,,
total_status,blocked,56,0,0,0,0,0,0,0,0,,,
total_status,lean,35,0,0,0,0,0,0,0,0,,,
total_status,playable,4,0,0,0,0,0,0,0,0,,,
value_gap_pick_alignment,aligned,7,0,0,0,0,0,0,0,0,,,
value_gap_pick_alignment,conflict,1,0,0,0,0,0,0,0,0,,,
value_gap_pick_alignment,neutral,2,0,0,0,0,0,0,0,0,,,
value_gap_pick_alignment,no_pick,82,0,0,0,0,0,0,0,0,,,
value_gap_pick_alignment,non_side_pick,3,0,0,0,0,0,0,0,0,,,
value_gap_side,AWAY,40,31,16,3,3,0,0,0,0,0.5161,1.0,
value_gap_side,HOME,46,28,22,5,4,0,0,0,0,0.7857,0.8,
value_gap_side,NEUTRAL,9,0,0,0,0,0,0,0,0,,,
