season,season_type,week,matchup_key,away_tla,home_tla,stage,analysis_available,best_edge_market,best_edge_side,best_edge_score,best_edge_status,best_edge_label,engine_recommendation,spread_side,spread_score,spread_threshold,spread_status,spread_cleared_threshold,spread_blocked,spread_blockers,spread_signal_sources,spread_conflict_sources,total_side,total_score,total_threshold,total_status,total_cleared_threshold,total_blocked,total_blockers,total_signal_sources,total_conflict_sources,moneyline_status,moneyline_side,moneyline_line,moneyline_away_odds,moneyline_home_odds,moneyline_away_fair_prob,moneyline_home_fair_prob,moneyline_away_model_prob,moneyline_home_model_prob,moneyline_away_edge,moneyline_home_edge,moneyline_away_ev,moneyline_home_ev,moneyline_selected_ev,moneyline_selected_edge,moneyline_market_hold,warps_overlay_available,warps_overlay_status,warps_source,warps_policy,warps_spread_side,warps_fair_spread_side,warps_spread_team,warps_spread_edge_points,warps_spread_pick_alignment,warps_fair_home_spread,warps_fair_away_spread,warps_home_win_prob,warps_away_win_prob,warps_home_fair_moneyline,warps_away_fair_moneyline,warps_market_home_spread,warps_market_away_spread,warps_market_home_moneyline,warps_market_away_moneyline,warps_ml_side,warps_ml_team,warps_ml_edge_prob,warps_ml_ev,warps_ml_pick_alignment,division_game,conference_game,away_division,home_division,pythagorean_side,market_expectation_side,value_gap_side,overperformance_side,pythagorean_pick_alignment,market_expectation_pick_alignment,value_gap_pick_alignment,overperformance_pick_alignment,pythagorean_wins_delta,vegas_win_total_delta,pythagorean_vs_vegas_delta,actual_vs_pythagorean_delta,expectation_games_tracked_min,expectation_sample_warning,source_health_status,data_quality_status,away_score,home_score,straight_up_winner_side,final_margin_away_minus_home,final_total,bet_result,bet_margin_to_line,bet_line,result_source
2026,REG,2,CAR@ATL,CAR,ATL,update,true,total,OVER,5.0,play,🎯 TARGETED PLAY,🎯 TARGETED PLAY: OVER 43.5,HOME,4.0,3.0,playable,true,false,,sharp;team_rating,,OVER,5.0,4.0,playable,true,false,,sharp;ref_weather_context,,research_only,,-125 | +1567,,,,,,,,,,,,,,true,fair_line_only,WARPS v2.3 game prior,overlay_only_until_weekly_engine_confirmation,HOME,HOME,,,no_spread_pick,-2.5,2.5,0.5759,0.4241,-136,+136,,,,,,,,,research_only,true,true,NFC South,NFC South,AWAY,NEUTRAL,AWAY,NEUTRAL,non_side_pick,non_side_pick,non_side_pick,non_side_pick,0.62,0.0,0.62,0.34,5,false,OK,OK,34,3,AWAY,31,37,,,,
2026,REG,2,CLE@TB,CLE,TB,update,true,total,OVER,5.0,play,🎯 TARGETED PLAY,🎯 TARGETED PLAY: OVER 41.5,HOME,0.0,4.0,blocked,false,true,sharp spread edge required,team_rating,,OVER,5.0,4.0,playable,true,false,,sharp;ref_weather_context,,research_only,,+350 | -113,,,,,,,,,,,,,,true,fair_line_only,WARPS v2.3 game prior,overlay_only_until_weekly_engine_confirmation,HOME,HOME,,,no_spread_pick,-3.2,3.2,0.595,0.405,-147,+147,,,,,,,,,research_only,false,false,AFC North,NFC South,AWAY,HOME,AWAY,AWAY,non_side_pick,non_side_pick,non_side_pick,non_side_pick,0.7,-2.0,2.7,2.39,5,false,OK,OK,23,19,AWAY,4,42,,,,
2026,REG,2,GB@NYJ,GB,NYJ,update,true,spread,HOME,5.0,play,🎯 TARGETED PLAY,🎯 TARGETED PLAY: New York Jets +3.5,HOME,5.0,3.0,playable,true,false,,sharp;team_rating,,OVER,0.0,4.0,lean,false,false,,,,research_only,,-153 | +163,,,,,,,,,,,,,,true,fair_line_only,WARPS v2.3 game prior,overlay_only_until_weekly_engine_confirmation,NEUTRAL,NEUTRAL,,,neutral,0.3,-0.3,0.4921,0.5079,+103,-103,,,,,,,,,research_only,false,false,NFC North,AFC East,HOME,AWAY,HOME,AWAY,aligned,conflict,aligned,conflict,-2.45,5.0,-7.45,1.87,6,false,OK,OK,20,17,AWAY,3,37,,,,
2026,REG,2,SEA@ARI,SEA,ARI,update,true,spread,HOME,5.0,play,🎯 TARGETED PLAY,🎯 TARGETED PLAY: Arizona Cardinals +3.5,HOME,5.0,3.0,playable,true,false,,sharp;team_rating,,UNDER,2.0,4.0,lean,false,false,,sharp,,research_only,,-190 | +190,,,,,,,,,,,,,,true,fair_line_only,WARPS v2.3 game prior,overlay_only_until_weekly_engine_confirmation,AWAY,AWAY,,,conflict,4.6,-4.6,0.3654,0.6346,+174,-174,,,,,,,,,research_only,true,true,NFC West,NFC West,AWAY,AWAY,NEUTRAL,NEUTRAL,conflict,conflict,neutral,neutral,6.32,6.0,0.32,-0.23,6,false,OK,OK,31,7,AWAY,24,38,,,,
2026,REG,4,GB@TB,GB,TB,update,true,spread,HOME,5.0,play,🎯 TARGETED PLAY,🎯 TARGETED PLAY: Tampa Bay Buccaneers +16.5,HOME,5.0,4.0,playable,true,false,,sharp;team_rating;injury,,UNDER,0.0,4.0,lean,false,false,,sharp,ref_weather_context,research_only,,-141 | +141,,,,,,,,,,,,,,true,fair_line_only,WARPS v2.3 game prior,overlay_only_until_weekly_engine_confirmation,HOME,HOME,,,aligned,-2.2,2.2,0.5663,0.4337,-131,+131,,,,,,,,,research_only,false,true,NFC North,NFC South,HOME,AWAY,HOME,AWAY,aligned,conflict,aligned,conflict,-1.16,2.0,-3.16,2.05,5,false,OK,OK,17,14,AWAY,3,31,,,,
2026,REG,2,JAX@DEN,JAX,DEN,update,true,spread,AWAY,4.0,play,🎯 TARGETED PLAY,🎯 TARGETED PLAY: Jacksonville Jaguars +2.5,AWAY,4.0,1.5,playable,true,false,,sharp;team_rating,,OVER,3.0,4.0,lean,false,false,,sharp,,research_only,,+124 | -130,,,,,,,,,,,,,,true,fair_line_only,WARPS v2.3 game prior,overlay_only_until_weekly_engine_confirmation,AWAY,AWAY,,,aligned,2.1,-2.1,0.4368,0.5632,+129,-129,,,,,,,,,research_only,false,true,AFC South,AFC West,AWAY,NEUTRAL,AWAY,HOME,aligned,neutral,aligned,conflict,7.99,0.0,7.99,-2.18,5,false,OK,OK,13,20,HOME,-7,33,,,,
2026,REG,2,WAS@DAL,WAS,DAL,update,true,spread,AWAY,4.0,play,🎯 TARGETED PLAY,🎯 TARGETED PLAY: Washington Commanders +10.5,AWAY,4.0,3.0,playable,true,false,,sharp;team_rating,,OVER,3.0,4.0,lean,false,false,,sharp,,research_only,,+190 | -190,,,,,,,,,,,,,,true,fair_line_only,WARPS v2.3 game prior,overlay_only_until_weekly_engine_confirmation,HOME,HOME,,,conflict,-4.0,4.0,0.6172,0.3828,-161,+161,,,,,,,,,research_only,true,true,NFC East,NFC East,HOME,HOME,HOME,AWAY,conflict,conflict,conflict,aligned,-4.0,-2.0,-2.0,0.64,7,false,OK,OK,20,37,HOME,-17,57,,,,
2026,REG,3,CIN@PIT,CIN,PIT,final,true,spread,AWAY,4.0,play,🎯 TARGETED PLAY,🎯 TARGETED PLAY: Cincinnati Bengals -3.5,AWAY,4.0,4.0,playable,true,false,,sharp;team_rating,,UNDER,1.0,4.0,lean,false,false,,sharp,,research_only,,-163 | +167,,,,,,,,,,,,,,true,fair_line_only,WARPS v2.3 game prior,overlay_only_until_weekly_engine_confirmation,HOME,HOME,,,conflict,-1.9,1.9,0.5565,0.4435,-125,+125,,,,,,,,,research_only,true,true,AFC North,AFC North,AWAY,AWAY,AWAY,HOME,aligned,aligned,aligned,conflict,2.54,1.0,1.54,-0.9,6,false,DEGRADED,DEGRADED,27,30,HOME,-3,57,,,,
2026,REG,5,HOU@TEN,HOU,TEN,update,true,total,UNDER,4.0,play,🎯 TARGETED PLAY,🎯 TARGETED PLAY: UNDER 38.5,HOME,3.0,4.0,lean,false,false,,sharp;team_rating,,UNDER,4.0,4.0,playable,true,false,,sharp;ref_weather_context,,blocked,HOME,-335 | +344,,,,,,,,,,,,,,true,priced,WARPS v2.3 game prior + master sharp lines (update),overlay_only_until_weekly_engine_confirmation,HOME,AWAY,TEN,4.9,no_spread_pick,2.6,-2.6,0.4236,0.5764,+136,-136,7.5,-7.5,344.0,-335.0,HOME,TEN,0.1973,0.8808,research_only,true,true,AFC South,AFC South,AWAY,AWAY,HOME,NEUTRAL,non_side_pick,non_side_pick,non_side_pick,non_side_pick,1.3,3.0,-1.7,-0.46,6,false,OK,OK,0,0,PUSH,0,0,,,,
2026,PRE,PRE1,DEN@ATL,DEN,ATL,initial,true,spread,AWAY,3.0,play,📊 LEAN,👀 LEAN: Denver Broncos -4.5 (proceed with caution),,3.0,,blocked,false,true,candidate unavailable,,,,,,blocked,false,true,candidate unavailable,,,research_only,,,,,,,,,,,,,,,,false,unavailable,,forecast_context_only,,,,,,,,,,,,,,,,,,,,,false,false,AFC West,NFC South,HOME,AWAY,HOME,AWAY,conflict,aligned,conflict,aligned,-2.78,2.0,-4.78,1.34,5,false,DEGRADED,DEGRADED,,,,,,,,,
2026,PRE,PRE1,GB@PIT,GB,PIT,initial,true,spread,HOME,3.0,play,📊 LEAN,👀 LEAN: Pittsburgh Steelers +1.5 (proceed with caution),,3.0,,blocked,false,true,candidate unavailable,,,,,,blocked,false,true,candidate unavailable,,,research_only,,,,,,,,,,,,,,,,false,unavailable,,forecast_context_only,,,,,,,,,,,,,,,,,,,,,false,false,NFC North,AFC North,HOME,AWAY,HOME,AWAY,aligned,conflict,aligned,conflict,-2.23,2.0,-4.23,0.79,6,false,DEGRADED,DEGRADED,,,,,,,,,
2026,PRE,PRE3,SEA@KC,SEA,KC,final,true,spread,AWAY,3.0,play,📊 LEAN,👀 LEAN: Seattle Seahawks -2.5 (proceed with caution),AWAY,3.0,3.0,playable,true,false,,sharp,,UNDER,0.0,4.0,lean,false,false,,,,research_only,,-134 | +124,,,,,,,,,,,,,,false,unavailable,,forecast_context_only,,,,,,,,,,,,,,,,,,,,,false,false,NFC West,AFC West,HOME,NEUTRAL,HOME,HOME,conflict,neutral,conflict,conflict,-0.52,0.0,-0.52,-1.55,5,false,DEGRADED,DEGRADED,,,,,,,,,
2026,REG,5,SF@SEA,SF,SEA,update,true,spread,AWAY,3.0,play,📊 LEAN,👀 LEAN: San Francisco 49ers +3.5 (proceed with caution),AWAY,3.0,3.0,playable,true,false,,sharp;team_rating,,OVER,2.0,4.0,lean,false,false,,ref_weather_context,,blocked,AWAY,+160 | -160,,,,,,,,,,,,,,true,priced,WARPS v2.3 game prior + master sharp lines (update),overlay_only_until_weekly_engine_confirmation,AWAY,HOME,SF,0.9,aligned,-2.6,2.6,0.5791,0.4209,-138,+138,-3.5,3.5,-160.0,160.0,AWAY,SF,0.0363,0.0943,research_only,true,true,NFC West,NFC West,AWAY,NEUTRAL,AWAY,NEUTRAL,aligned,neutral,aligned,neutral,2.02,0.0,2.02,0.29,6,false,OK,OK,0,0,PUSH,0,0,,,,
2026,PRE,PRE3,ATL@MIA,ATL,MIA,update,true,,,5.0,pass,⚠️ PASS,"⚠️ PASS: Mixed signals, no clear edge identified",,,,blocked,false,true,candidate unavailable,,,,,,blocked,false,true,candidate unavailable,,,research_only,,,,,,,,,,,,,,,,false,unavailable,,forecast_context_only,,,,,,,,,,,,,,,,,,,,,false,false,NFC South,AFC East,AWAY,AWAY,AWAY,NEUTRAL,no_pick,no_pick,no_pick,no_pick,6.65,3.0,3.65,-0.34,6,false,OK,OK,,,,,,,,,
2026,REG,4,ARI@NYG,ARI,NYG,update,true,,,4.0,pass,⚠️ PASS,"⚠️ PASS: Mixed signals, no clear edge identified",,,,blocked,false,true,candidate unavailable,,,,,,blocked,false,true,candidate unavailable,,,research_only,,-130,,,,,,,,,,,,,,true,fair_line_only,WARPS v2.3 game prior,overlay_only_until_weekly_engine_confirmation,HOME,HOME,,,no_spread_pick,-4.0,4.0,0.6194,0.3806,-163,+163,,,,,,,,,research_only,false,true,NFC West,NFC East,HOME,HOME,NEUTRAL,HOME,no_pick,no_pick,no_pick,no_pick,-3.25,-3.0,-0.25,-0.86,6,false,OK,OK,24,36,HOME,-12,60,,,,
2026,REG,4,KC@LV,KC,LV,update,true,,,4.0,pass,⚠️ PASS,"⚠️ PASS: Mixed signals, no clear edge identified",,,,blocked,false,true,candidate unavailable,,,,,,blocked,false,true,candidate unavailable,,,research_only,,-192 | +217,,,,,,,,,,,,,,true,fair_line_only,WARPS v2.3 game prior,overlay_only_until_weekly_engine_confirmation,AWAY,AWAY,,,no_spread_pick,1.8,-1.8,0.4464,0.5536,+124,-124,,,,,,,,,research_only,true,true,AFC West,AFC West,AWAY,AWAY,HOME,AWAY,no_pick,no_pick,no_pick,no_pick,0.94,5.0,-4.06,1.4,5,false,OK,OK,30,27,AWAY,3,57,,,,
2026,PRE,PRE2,KC@TB,KC,TB,update,true,,,3.0,pass,⚠️ PASS,"⚠️ PASS: Mixed signals, no clear edge identified",,,,blocked,false,true,candidate unavailable,,,,,,blocked,false,true,candidate unavailable,,,research_only,,,,,,,,,,,,,,,,false,unavailable,,forecast_context_only,,,,,,,,,,,,,,,,,,,,,false,false,AFC West,NFC South,AWAY,AWAY,AWAY,AWAY,no_pick,no_pick,no_pick,no_pick,6.26,2.0,4.26,2.16,5,false,OK,OK,,,,,,,,,
2026,PRE,PRE3,CHI@TEN,CHI,TEN,update,true,,,3.0,pass,❌ FADE,❌ AVOID: Multiple negative factors align,,,,blocked,false,true,candidate unavailable,,,,,,blocked,false,true,candidate unavailable,,,research_only,,,,,,,,,,,,,,,,false,unavailable,,forecast_context_only,,,,,,,,,,,,,,,,,,,,,false,false,NFC North,AFC South,AWAY,AWAY,AWAY,AWAY,no_pick,no_pick,no_pick,no_pick,8.67,3.0,5.67,0.72,5,false,OK,OK,,,,,,,,,
2026,REG,1,ATL@PIT,ATL,PIT,update,true,,,3.0,pass,⚠️ PASS,⚠️ PASS: Edge score did not isolate a playable market,HOME,3.0,3.5,lean,false,false,,sharp,,UNDER,-1.0,4.0,lean,false,false,,sharp,ref_weather_context,research_only,,+376 | -295,,,,,,,,,,,,,,true,fair_line_only,WARPS v2.3 game prior,overlay_only_until_weekly_engine_confirmation,HOME,HOME,,,no_spread_pick,-2.0,2.0,0.5613,0.4387,-128,+128,,,,,,,,,research_only,false,false,NFC South,AFC North,AWAY,HOME,AWAY,HOME,no_pick,no_pick,no_pick,no_pick,1.65,-1.0,2.65,-0.58,6,false,OK,OK,13,20,HOME,-7,33,,,,
2026,REG,1,BAL@IND,BAL,IND,update,true,,,3.0,pass,⚠️ PASS,⚠️ PASS: Edge score did not isolate a playable market,HOME,3.0,4.0,lean,false,false,,sharp,,OVER,0.0,4.0,lean,false,false,,,,research_only,,-160 | +1567,,,,,,,,,,,,,,true,fair_line_only,WARPS v2.3 game prior,overlay_only_until_weekly_engine_confirmation,HOME,HOME,,,no_spread_pick,-1.2,1.2,0.5348,0.4652,-115,+115,,,,,,,,,research_only,false,true,AFC North,AFC South,AWAY,AWAY,HOME,NEUTRAL,no_pick,no_pick,no_pick,no_pick,2.07,4.0,-1.93,0.27,6,false,OK,OK,41,23,AWAY,18,64,,,,
2026,REG,1,BUF@HOU,BUF,HOU,update,true,,,3.0,pass,⚠️ PASS,⚠️ PASS: Edge score did not isolate a playable market,HOME,1.0,4.0,lean,false,false,,sharp,,OVER,3.0,4.0,lean,false,false,,sharp,,research_only,,-110 | +150,,,,,,,,,,,,,,true,fair_line_only,WARPS v2.3 game prior,overlay_only_until_weekly_engine_confirmation,HOME,HOME,,,no_spread_pick,-0.7,0.7,0.5214,0.4786,-109,+109,,,,,,,,,research_only,false,true,AFC East,AFC South,AWAY,AWAY,AWAY,AWAY,no_pick,no_pick,no_pick,no_pick,4.24,1.0,3.24,1.5,6,false,OK,OK,36,31,AWAY,5,67,,,,
2026,REG,1,CHI@CAR,CHI,CAR,update,true,,,3.0,pass,⚠️ PASS,⚠️ PASS: Edge score did not isolate a playable market,HOME,2.0,4.0,lean,false,false,,sharp,,OVER,3.0,4.0,lean,false,false,,sharp,,research_only,,-160 | +270,,,,,,,,,,,,,,true,fair_line_only,WARPS v2.3 game prior,overlay_only_until_weekly_engine_confirmation,AWAY,AWAY,,,no_spread_pick,0.8,-0.8,0.4772,0.5228,+110,-110,,,,,,,,,research_only,false,true,NFC North,NFC South,AWAY,AWAY,AWAY,NEUTRAL,no_pick,no_pick,no_pick,no_pick,3.78,2.0,1.78,-0.11,5,false,OK,OK,59,37,AWAY,22,96,,,,
2026,REG,2,CIN@HOU,CIN,HOU,update,true,,,3.0,pass,⚠️ PASS,⚠️ PASS: Edge score did not isolate a playable market,HOME,0.0,5.0,blocked,false,true,team-rating conflict,sharp;injury,team_rating,OVER,3.0,4.0,lean,false,false,,sharp,,research_only,,+135 | +203,,,,,,,,,,,,,,true,fair_line_only,WARPS v2.3 game prior,overlay_only_until_weekly_engine_confirmation,HOME,HOME,,,no_spread_pick,-2.9,2.9,0.5873,0.4127,-142,+142,,,,,,,,,research_only,false,true,AFC North,AFC South,AWAY,NEUTRAL,AWAY,AWAY,no_pick,no_pick,no_pick,no_pick,3.86,0.0,3.86,0.63,6,false,OK,OK,20,6,AWAY,14,26,,,,
2026,REG,2,DET@BUF,DET,BUF,update,true,,,3.0,pass,⚠️ PASS,"⚠️ PASS: Mixed signals, no clear edge identified",,,,blocked,false,true,candidate unavailable,,,,,,blocked,false,true,candidate unavailable,,,research_only,,+1329 | -228,,,,,,,,,,,,,,true,fair_line_only,WARPS v2.3 game prior,overlay_only_until_weekly_engine_confirmation,HOME,HOME,,,no_spread_pick,-2.8,2.8,0.5829,0.4171,-140,+140,,,,,,,,,research_only,false,false,NFC North,AFC East,HOME,NEUTRAL,HOME,NEUTRAL,no_pick,no_pick,no_pick,no_pick,-2.35,0.0,-2.35,-0.17,6,false,OK,OK,31,41,HOME,-10,72,,,,
2026,REG,2,MIN@CHI,MIN,CHI,update,true,,,3.0,pass,⚠️ PASS,"⚠️ PASS: Mixed signals, no clear edge identified",,,,blocked,false,true,candidate unavailable,,,,,,blocked,false,true,candidate unavailable,,,research_only,,+190 | -156,,,,,,,,,,,,,,true,fair_line_only,WARPS v2.3 game prior,overlay_only_until_weekly_engine_confirmation,HOME,HOME,,,no_spread_pick,-1.6,1.6,0.547,0.453,-121,+121,,,,,,,,,research_only,true,true,NFC North,NFC North,NEUTRAL,HOME,AWAY,NEUTRAL,no_pick,no_pick,no_pick,no_pick,-0.15,-1.0,0.85,0.27,5,false,OK,OK,9,3,AWAY,6,12,,,,
2026,REG,2,NO@BAL,NO,BAL,update,true,,,3.0,pass,⚠️ PASS,"⚠️ PASS: Mixed signals, no clear edge identified",,,,blocked,false,true,candidate unavailable,,,,,,blocked,false,true,candidate unavailable,,,research_only,,+488 | -360,,,,,,,,,,,,,,true,fair_line_only,WARPS v2.3 game prior,overlay_only_until_weekly_engine_confirmation,HOME,HOME,,,no_spread_pick,-5.3,5.3,0.6533,0.3467,-188,+188,,,,,,,,,research_only,false,false,NFC South,AFC North,HOME,HOME,NEUTRAL,HOME,no_pick,no_pick,no_pick,no_pick,-3.83,-4.0,0.17,-0.65,6,false,OK,OK,24,17,AWAY,7,41,,,,
2026,REG,3,ARI@SF,ARI,SF,final,true,,,3.0,pass,⚠️ PASS,⚠️ PASS: Edge score did not isolate a playable market,HOME,3.0,4.5,lean,false,false,,sharp;team_rating,,UNDER,0.0,4.0,lean,false,false,,,,research_only,,+365 | -365,,,,,,,,,,,,,,true,fair_line_only,WARPS v2.3 game prior,overlay_only_until_weekly_engine_confirmation,HOME,HOME,,,no_spread_pick,-7.9,7.9,0.7217,0.2783,-259,+259,,,,,,,,,research_only,true,true,NFC West,NFC West,HOME,HOME,HOME,NEUTRAL,no_pick,no_pick,no_pick,no_pick,-8.34,-6.0,-2.34,-0.06,6,false,DEGRADED,DEGRADED,30,36,HOME,-6,66,,,,
2026,REG,3,NYJ@DET,NYJ,DET,final,true,,,3.0,pass,⚠️ PASS,⚠️ PASS: Edge score did not isolate a playable market,AWAY,3.0,4.0,lean,false,false,,sharp;team_rating,,OVER,2.0,4.0,lean,false,false,,sharp,,research_only,,+277 | -277,,,,,,,,,,,,,,true,fair_line_only,WARPS v2.3 game prior,overlay_only_until_weekly_engine_confirmation,HOME,HOME,,,no_spread_pick,-6.7,6.7,0.692,0.308,-225,+225,,,,,,,,,research_only,false,false,AFC East,NFC North,NEUTRAL,HOME,AWAY,HOME,no_pick,no_pick,no_pick,no_pick,-0.35,-5.0,4.65,-0.88,6,false,DEGRADED,DEGRADED,24,31,HOME,-7,55,,,,
2026,REG,3,SEA@WAS,SEA,WAS,final,true,,,3.0,pass,⚠️ PASS,⚠️ PASS: Edge score did not isolate a playable market,AWAY,3.0,4.0,lean,false,false,,sharp;team_rating,injury,UNDER,0.0,4.0,lean,false,false,,,,research_only,,-270 | +292,,,,,,,,,,,,,,true,fair_line_only,WARPS v2.3 game prior,overlay_only_until_weekly_engine_confirmation,AWAY,AWAY,,,no_spread_pick,4.7,-4.7,0.363,0.637,+175,-175,,,,,,,,,research_only,false,true,NFC West,NFC East,AWAY,AWAY,AWAY,NEUTRAL,no_pick,no_pick,no_pick,no_pick,6.59,3.0,3.59,-0.01,6,false,DEGRADED,DEGRADED,31,33,HOME,-2,64,,,,
2026,REG,4,ATL@NO,ATL,NO,update,true,,,3.0,pass,🎯 WATCH,⚠️ PASS: Edge score did not isolate a playable market,AWAY,0.0,3.0,blocked,false,true,team-rating conflict,sharp,team_rating,OVER,3.0,4.0,lean,false,false,,sharp;ref_weather_context,,research_only,,+106 | -106,,,,,,,,,,,,,,true,fair_line_only,WARPS v2.3 game prior,overlay_only_until_weekly_engine_confirmation,HOME,HOME,,,no_spread_pick,-0.6,0.6,0.5181,0.4819,-108,+108,,,,,,,,,research_only,true,true,NFC South,NFC South,AWAY,NEUTRAL,AWAY,NEUTRAL,no_pick,no_pick,no_pick,no_pick,2.39,0.0,2.39,0.16,6,false,OK,OK,45,24,AWAY,21,69,,,,
2026,REG,4,DET@CAR,DET,CAR,update,true,,,3.0,pass,📊 WATCH,⚠️ PASS: Edge score did not isolate a playable market,HOME,3.0,4.0,lean,false,false,,sharp;team_rating,,OVER,3.0,4.0,lean,false,false,,sharp,,research_only,,-199 | +199,,,,,,,,,,,,,,true,fair_line_only,WARPS v2.3 game prior,overlay_only_until_weekly_engine_confirmation,NEUTRAL,NEUTRAL,,,no_spread_pick,0.1,-0.1,0.4955,0.5045,+102,-102,,,,,,,,,research_only,false,true,NFC North,NFC South,HOME,AWAY,HOME,NEUTRAL,no_pick,no_pick,no_pick,no_pick,-1.7,3.0,-4.7,0.04,5,false,OK,OK,26,32,HOME,-6,58,,,,
2026,REG,4,LAC@SEA,LAC,SEA,update,true,,,3.0,pass,⚠️ PASS,"⚠️ PASS: Mixed signals, no clear edge identified",,,,blocked,false,true,candidate unavailable,,,,,,blocked,false,true,candidate unavailable,,,research_only,,+295 | -292,,,,,,,,,,,,,,true,fair_line_only,WARPS v2.3 game prior,overlay_only_until_weekly_engine_confirmation,HOME,HOME,,,no_spread_pick,-7.7,7.7,0.7155,0.2845,-251,+251,,,,,,,,,research_only,false,false,AFC West,NFC West,HOME,NEUTRAL,HOME,NEUTRAL,no_pick,no_pick,no_pick,no_pick,-7.66,0.0,-7.66,-0.29,6,false,OK,OK,23,30,HOME,-7,53,,,,
2026,REG,5,BUF@LAR,BUF,LAR,update,true,,,3.0,pass,⚠️ PASS,⚠️ PASS: Edge score did not isolate a playable market,HOME,3.0,4.0,lean,false,false,,sharp,,OVER,1.0,4.0,lean,false,false,,sharp,,blocked,AWAY,+160 | -160,,,,,,,,,,,,,,true,priced,WARPS v2.3 game prior + master sharp lines (update),overlay_only_until_weekly_engine_confirmation,AWAY,HOME,BUF,1.4,no_spread_pick,-2.1,2.1,0.5619,0.4381,-128,+128,-3.5,3.5,-160.0,160.0,AWAY,BUF,0.0535,0.1391,research_only,false,false,AFC East,NFC West,AWAY,HOME,AWAY,NEUTRAL,no_pick,no_pick,no_pick,no_pick,1.46,-1.0,2.46,0.48,6,false,OK,OK,0,0,PUSH,0,0,,,,
2026,REG,5,CIN@MIA,CIN,MIA,update,true,,,3.0,pass,📊 WATCH,⚠️ PASS: Edge score did not isolate a playable market,AWAY,3.0,5.0,lean,false,false,,sharp;team_rating,injury,OVER,0.0,4.0,lean,false,false,,,,blocked,HOME,-292 | +292,,,,,,,,,,,,,,true,priced,WARPS v2.3 game prior + master sharp lines (update),overlay_only_until_weekly_engine_confirmation,HOME,AWAY,MIA,4.6,no_spread_pick,1.9,-1.9,0.4416,0.5584,+126,-126,6.5,-6.5,292.0,-292.0,HOME,MIA,0.1865,0.7311,research_only,false,true,AFC North,AFC East,AWAY,AWAY,AWAY,HOME,no_pick,no_pick,no_pick,no_pick,7.54,5.0,2.54,-0.66,6,false,OK,OK,0,0,PUSH,0,0,,,,
2026,REG,5,LV@NE,LV,NE,update,true,,,3.0,pass,⚠️ PASS,"⚠️ PASS: Mixed signals, no clear edge identified",,,,blocked,false,true,candidate unavailable,,,,,,blocked,false,true,candidate unavailable,,,blocked,AWAY,+167 | -167,,,,,,,,,,,,,,true,priced,WARPS v2.3 game prior + master sharp lines (update),overlay_only_until_weekly_engine_confirmation,HOME,HOME,NE,0.5,no_spread_pick,-4.0,4.0,0.6188,0.3812,-162,+162,-3.5,3.5,-167.0,167.0,AWAY,LV,0.0067,0.0178,research_only,false,true,AFC West,AFC East,AWAY,HOME,AWAY,HOME,no_pick,no_pick,no_pick,no_pick,4.71,-4.0,8.71,-0.66,6,false,OK,OK,0,0,PUSH,0,0,,,,
2026,PRE,PRE2,BAL@MIN,BAL,MIN,update,true,,,2.0,pass,⚠️ PASS,"⚠️ PASS: Mixed signals, no clear edge identified",,,,blocked,false,true,candidate unavailable,,,,,,blocked,false,true,candidate unavailable,,,research_only,,,,,,,,,,,,,,,,false,unavailable,,forecast_context_only,,,,,,,,,,,,,,,,,,,,,false,false,AFC North,NFC North,HOME,AWAY,HOME,NEUTRAL,no_pick,no_pick,no_pick,no_pick,-2.81,3.0,-5.81,-0.01,6,false,OK,OK,,,,,,,,,
2026,PRE,PRE2,DAL@ARI,DAL,ARI,update,true,,,2.0,pass,⚠️ PASS,"⚠️ PASS: Mixed signals, no clear edge identified",,,,blocked,false,true,candidate unavailable,,,,,,blocked,false,true,candidate unavailable,,,research_only,,,,,,,,,,,,,,,,false,unavailable,,forecast_context_only,,,,,,,,,,,,,,,,,,,,,false,true,NFC East,NFC West,AWAY,AWAY,HOME,HOME,no_pick,no_pick,no_pick,no_pick,3.73,5.0,-1.27,-0.86,6,false,OK,OK,,,,,,,,,
2026,REG,1,DEN@KC,DEN,KC,update,true,,,2.0,pass,⚠️ PASS,⚠️ PASS: Edge score did not isolate a playable market,AWAY,1.0,1.5,lean,false,false,,sharp,,OVER,2.0,4.0,lean,false,false,,ref_weather_context,,research_only,,+122 | -127,,,,,,,,,,,,,,true,fair_line_only,WARPS v2.3 game prior,overlay_only_until_weekly_engine_confirmation,HOME,HOME,,,no_spread_pick,-4.4,4.4,0.6308,0.3692,-171,+171,,,,,,,,,research_only,true,true,AFC West,AFC West,HOME,HOME,HOME,NEUTRAL,no_pick,no_pick,no_pick,no_pick,-6.32,-1.0,-5.32,-0.14,5,false,OK,OK,10,31,HOME,-21,41,,,,
2026,REG,1,GB@MIN,GB,MIN,update,true,,,2.0,pass,⚠️ PASS,"⚠️ PASS: Mixed signals, no clear edge identified",,,,blocked,false,true,candidate unavailable,,,,,,blocked,false,true,candidate unavailable,,,research_only,,+122 | -122,,,,,,,,,,,,,,true,fair_line_only,WARPS v2.3 game prior,overlay_only_until_weekly_engine_confirmation,HOME,HOME,,,no_spread_pick,-5.5,5.5,0.6598,0.3402,-194,+194,,,,,,,,,research_only,true,true,NFC North,NFC North,HOME,AWAY,HOME,AWAY,no_pick,no_pick,no_pick,no_pick,-8.13,2.0,-10.13,0.87,6,false,OK,OK,22,39,HOME,-17,61,,,,
2026,REG,4,IND@WAS,IND,WAS,update,true,,,2.0,pass,🎯 WATCH,⚠️ PASS: Edge score did not isolate a playable market,HOME,2.0,4.0,blocked,false,true,no sharp spread side,team_rating;injury;model_confidence,,NEUTRAL,0.0,4.0,blocked,false,true,no sharp total side,,,research_only,,-199 | +190,,,,,,,,,,,,,,true,fair_line_only,WARPS v2.3 game prior,overlay_only_until_weekly_engine_confirmation,AWAY,AWAY,,,no_spread_pick,1.6,-1.6,0.4521,0.5479,+121,-121,,,,,,,,,research_only,false,false,AFC South,NFC East,AWAY,NEUTRAL,AWAY,NEUTRAL,no_pick,no_pick,no_pick,no_pick,2.94,0.0,2.94,0.28,6,false,OK,OK,30,13,AWAY,17,43,,,,
2026,REG,4,MIA@MIN,MIA,MIN,update,true,,,2.0,pass,🎯 WATCH,⚠️ PASS: Edge score did not isolate a playable market,AWAY,0.0,4.0,blocked,false,true,team-rating conflict,sharp,team_rating;injury,UNDER,2.0,4.0,lean,false,false,,sharp,,research_only,,+471 | -471,,,,,,,,,,,,,,true,fair_line_only,WARPS v2.3 game prior,overlay_only_until_weekly_engine_confirmation,HOME,HOME,,,no_spread_pick,-8.4,8.4,0.7334,0.2666,-275,+275,,,,,,,,,research_only,false,false,AFC East,NFC North,HOME,HOME,HOME,NEUTRAL,no_pick,no_pick,no_pick,no_pick,-10.9,-4.0,-6.9,-0.16,6,false,OK,OK,10,15,HOME,-5,25,,,,
2026,REG,4,PIT@CLE,PIT,CLE,update,true,,,2.0,pass,📊 WATCH,⚠️ PASS: Edge score did not isolate a playable market,AWAY,0.0,4.0,blocked,false,true,team-rating conflict,sharp,team_rating,OVER,2.0,4.0,lean,false,false,,ref_weather_context,,research_only,,-147 | +147,,,,,,,,,,,,,,true,fair_line_only,WARPS v2.3 game prior,overlay_only_until_weekly_engine_confirmation,NEUTRAL,NEUTRAL,,,no_spread_pick,-0.1,0.1,0.5024,0.4976,-101,+101,,,,,,,,,research_only,true,true,AFC North,AFC North,NEUTRAL,AWAY,HOME,HOME,no_pick,no_pick,no_pick,no_pick,0.37,2.0,-1.63,-1.13,6,false,OK,OK,24,27,HOME,-3,51,,,,
2026,REG,5,CHI@GB,CHI,GB,update,true,,,2.0,pass,🎯 WATCH,⚠️ PASS: Edge score did not isolate a playable market,HOME,0.0,4.0,blocked,false,true,team-rating conflict,sharp,team_rating;injury,UNDER,2.0,4.0,lean,false,false,,ref_weather_context,,not_priced,AWAY,-111 | +111,,,,,,,,,,,,,,true,priced,WARPS v2.3 game prior + master sharp lines (update),overlay_only_until_weekly_engine_confirmation,HOME,AWAY,GB,0.4,no_spread_pick,1.1,-1.1,0.4673,0.5327,+114,-114,1.5,-1.5,111.0,-111.0,AWAY,CHI,0.0066,0.0126,research_only,true,true,NFC North,NFC North,AWAY,HOME,AWAY,HOME,no_pick,no_pick,no_pick,no_pick,8.28,-1.0,9.28,-1.14,5,false,OK,OK,0,0,PUSH,0,0,,,,
2026,REG,5,CLE@NYJ,CLE,NYJ,update,true,,,2.0,pass,📊 WATCH,⚠️ PASS: Edge score did not isolate a playable market,HOME,2.0,5.0,lean,false,false,,sharp;injury,,UNDER,1.0,4.0,lean,false,false,,sharp,,blocked,AWAY,+125 | -125,,,,,,,,,,,,,,true,priced,WARPS v2.3 game prior + master sharp lines (update),overlay_only_until_weekly_engine_confirmation,AWAY,HOME,CLE,1.8,no_spread_pick,-0.7,0.7,0.5215,0.4785,-109,+109,-2.5,2.5,-125.0,125.0,AWAY,CLE,0.0341,0.0766,research_only,false,true,AFC North,AFC East,HOME,AWAY,HOME,AWAY,no_pick,no_pick,no_pick,no_pick,-0.59,1.0,-1.59,2.21,6,false,OK,OK,0,0,PUSH,0,0,,,,
2026,REG,5,PHI@JAX,PHI,JAX,update,true,,,2.0,pass,📊 WATCH,⚠️ PASS: Edge score did not isolate a playable market,HOME,0.0,5.5,blocked,false,true,sharp spread edge required,team_rating,injury,UNDER,2.0,4.0,lean,false,false,,ref_weather_context,,blocked,AWAY,+326 | -326,,,,,,,,,,,,,,true,priced,WARPS v2.3 game prior + master sharp lines (update),overlay_only_until_weekly_engine_confirmation,AWAY,HOME,PHI,1.7,no_spread_pick,-5.8,5.8,0.6666,0.3334,-200,+200,-7.5,7.5,-326.0,326.0,AWAY,PHI,0.0987,0.4203,research_only,false,false,NFC East,AFC South,HOME,AWAY,HOME,AWAY,no_pick,no_pick,no_pick,no_pick,-7.76,1.0,-8.76,2.11,5,false,OK,OK,0,0,PUSH,0,0,,,,
2026,REG,10,ARI@SEA,ARI,SEA,final,true,,,2.0,pass,⚠️ PASS,⚠️ PASS: Edge score did not isolate a playable market,AWAY,0.0,4.0,blocked,false,true,no sharp spread side;sharp spread edge required,injury,,UNDER,2.0,4.0,lean,false,false,,ref_weather_context,,research_only,,,,,,,,,,,,,,,,false,unavailable,,forecast_context_only,,,,,,,,,,,,,,,,,,,,,true,true,NFC West,NFC West,HOME,HOME,NEUTRAL,NEUTRAL,no_pick,no_pick,no_pick,no_pick,-6.32,-6.0,-0.32,0.23,6,false,DEGRADED,DEGRADED,,,,,,,,,
2026,REG,10,BUF@MIA,BUF,MIA,final,true,,,2.0,pass,⚠️ PASS,⚠️ PASS: Edge score did not isolate a playable market,HOME,0.0,4.0,blocked,false,true,no sharp spread side;sharp spread edge required,injury,,UNDER,2.0,4.0,lean,false,false,,ref_weather_context,,research_only,,,,,,,,,,,,,,,,false,unavailable,,forecast_context_only,,,,,,,,,,,,,,,,,,,,,true,true,AFC East,AFC East,AWAY,AWAY,AWAY,NEUTRAL,no_pick,no_pick,no_pick,no_pick,7.92,6.0,1.92,0.21,6,false,DEGRADED,DEGRADED,,,,,,,,,
2026,PRE,PRE2,NYJ@PIT,NYJ,PIT,update,true,,,1.0,pass,⚠️ PASS,"⚠️ PASS: Mixed signals, no clear edge identified",,,,blocked,false,true,candidate unavailable,,,,,,blocked,false,true,candidate unavailable,,,research_only,,,,,,,,,,,,,,,,false,unavailable,,forecast_context_only,,,,,,,,,,,,,,,,,,,,,false,true,AFC East,AFC North,NEUTRAL,HOME,AWAY,HOME,no_pick,no_pick,no_pick,no_pick,0.22,-3.0,3.22,-1.08,6,false,OK,OK,,,,,,,,,
2026,REG,2,IND@KC,IND,KC,update,true,,,1.0,pass,⚠️ PASS,⚠️ PASS: Edge score did not isolate a playable market,AWAY,0.0,3.0,blocked,false,true,team-rating conflict,sharp,team_rating,UNDER,1.0,4.0,lean,false,false,,sharp,,research_only,,+257 | -251,,,,,,,,,,,,,,true,fair_line_only,WARPS v2.3 game prior,overlay_only_until_weekly_engine_confirmation,HOME,HOME,,,no_spread_pick,-3.5,3.5,0.6045,0.3955,-153,+153,,,,,,,,,research_only,false,true,AFC South,AFC West,HOME,HOME,HOME,HOME,no_pick,no_pick,no_pick,no_pick,-4.17,-3.0,-1.17,-1.26,5,false,OK,OK,30,33,HOME,-3,63,,,,
2026,REG,2,PIT@NE,PIT,NE,update,true,,,1.0,pass,⚠️ PASS,⚠️ PASS: Edge score did not isolate a playable market,HOME,0.0,4.0,blocked,false,true,team-rating conflict,,team_rating,UNDER,1.0,4.0,lean,false,false,,sharp,,research_only,,+614 | -208,,,,,,,,,,,,,,true,fair_line_only,WARPS v2.3 game prior,overlay_only_until_weekly_engine_confirmation,HOME,HOME,,,no_spread_pick,-2.8,2.8,0.5825,0.4175,-139,+139,,,,,,,,,research_only,false,true,AFC North,AFC East,NEUTRAL,HOME,AWAY,NEUTRAL,no_pick,no_pick,no_pick,no_pick,0.46,-1.0,1.46,-0.16,6,false,OK,OK,3,20,HOME,-17,23,,,,
2026,REG,3,BAL@DAL,BAL,DAL,final,true,,,1.0,pass,⚠️ PASS,⚠️ PASS: Edge score did not isolate a playable market,AWAY,0.0,3.0,blocked,false,true,team-rating conflict,sharp,team_rating,OVER,1.0,4.0,lean,false,false,,sharp,,research_only,,-150 | +167,,,,,,,,,,,,,,true,fair_line_only,WARPS v2.3 game prior,overlay_only_until_weekly_engine_confirmation,AWAY,AWAY,,,no_spread_pick,0.5,-0.5,0.4863,0.5137,+106,-106,,,,,,,,,research_only,false,false,AFC North,NFC East,AWAY,AWAY,HOME,AWAY,no_pick,no_pick,no_pick,no_pick,1.01,2.0,-0.99,1.19,6,false,DEGRADED,DEGRADED,34,31,AWAY,3,65,,,,
2026,REG,5,NYG@WAS,NYG,WAS,update,true,,,1.0,pass,🎯 WATCH,⚠️ PASS: Edge score did not isolate a playable market,HOME,0.0,4.0,blocked,false,true,team-rating conflict,injury,team_rating,UNDER,1.0,4.0,lean,false,false,,sharp,,blocked,AWAY,+174 | -174,,,,,,,,,,,,,,true,priced,WARPS v2.3 game prior + master sharp lines (update),overlay_only_until_weekly_engine_confirmation,AWAY,NEUTRAL,NYG,3.6,no_spread_pick,0.1,-0.1,0.4956,0.5044,+102,-102,-3.5,3.5,-174.0,174.0,AWAY,NYG,0.1394,0.3821,research_only,true,true,NFC East,NFC East,AWAY,NEUTRAL,AWAY,AWAY,no_pick,no_pick,no_pick,no_pick,3.52,0.0,3.52,1.08,6,false,OK,OK,0,0,PUSH,0,0,,,,
2026,REG,5,TB@DAL,TB,DAL,update,true,,,1.0,pass,📊 WATCH,⚠️ PASS: Edge score did not isolate a playable market,AWAY,0.0,5.0,blocked,false,true,sharp spread edge required,team_rating;injury,,OVER,1.0,4.0,lean,false,false,,sharp,,blocked,AWAY,+413 | -413,,,,,,,,,,,,,,true,priced,WARPS v2.3 game prior + master sharp lines (update),overlay_only_until_weekly_engine_confirmation,AWAY,HOME,TB,7.4,no_spread_pick,-2.1,2.1,0.5623,0.4377,-128,+128,-9.5,9.5,-413.0,413.0,AWAY,TB,0.2428,1.2454,research_only,false,true,NFC South,NFC East,HOME,HOME,HOME,NEUTRAL,no_pick,no_pick,no_pick,no_pick,-3.15,-1.0,-2.15,0.02,5,false,OK,OK,0,0,PUSH,0,0,,,,
2026,PRE,PRE1,ARI@LV,ARI,LV,initial,true,,,,pass,⚠️ PASS,"⚠️ PASS: Mixed signals, no clear edge identified",,,,blocked,false,true,candidate unavailable,,,,,,blocked,false,true,candidate unavailable,,,research_only,,,,,,,,,,,,,,,,false,unavailable,,forecast_context_only,,,,,,,,,,,,,,,,,,,,,false,false,NFC West,AFC West,HOME,HOME,HOME,NEUTRAL,no_pick,no_pick,no_pick,no_pick,-5.9,-1.0,-4.9,0.08,6,false,DEGRADED,DEGRADED,,,,,,,,,
2026,PRE,PRE1,CAR@BUF,CAR,BUF,initial,true,,,,pass,❌ FADE,❌ AVOID: Multiple negative factors align,,,,blocked,false,true,candidate unavailable,,,,,,blocked,false,true,candidate unavailable,,,research_only,,,,,,,,,,,,,,,,false,unavailable,,forecast_context_only,,,,,,,,,,,,,,,,,,,,,false,false,NFC South,AFC East,HOME,HOME,AWAY,NEUTRAL,no_pick,no_pick,no_pick,no_pick,-0.65,-3.0,2.35,-0.21,5,false,DEGRADED,DEGRADED,,,,,,,,,
2026,PRE,PRE1,CLE@CHI,CLE,CHI,initial,true,,,,pass,⚠️ PASS,⚠️ PASS: Edge score did not isolate a playable market,,,,blocked,false,true,candidate unavailable,,,,,,blocked,false,true,candidate unavailable,,,research_only,,,,,,,,,,,,,,,,false,unavailable,,forecast_context_only,,,,,,,,,,,,,,,,,,,,,false,false,AFC North,NFC North,HOME,HOME,HOME,AWAY,no_pick,no_pick,no_pick,no_pick,-6.42,-3.0,-3.42,1.48,5,false,DEGRADED,DEGRADED,,,,,,,,,
2026,PRE,PRE1,DAL@SEA,DAL,SEA,initial,true,,,,pass,❌ FADE,❌ AVOID: Multiple negative factors align,,,,blocked,false,true,candidate unavailable,,,,,,blocked,false,true,candidate unavailable,,,research_only,,,,,,,,,,,,,,,,false,unavailable,,forecast_context_only,,,,,,,,,,,,,,,,,,,,,false,true,NFC East,NFC West,HOME,HOME,HOME,HOME,no_pick,no_pick,no_pick,no_pick,-2.59,-1.0,-1.59,-0.63,6,false,DEGRADED,DEGRADED,,,,,,,,,
2026,PRE,PRE1,DET@CIN,DET,CIN,initial,true,,,,pass,⚠️ PASS,⚠️ PASS: Edge score did not isolate a playable market,,,,blocked,false,true,candidate unavailable,,,,,,blocked,false,true,candidate unavailable,,,research_only,,,,,,,,,,,,,,,,false,unavailable,,forecast_context_only,,,,,,,,,,,,,,,,,,,,,false,false,NFC North,AFC North,HOME,AWAY,HOME,AWAY,no_pick,no_pick,no_pick,no_pick,-1.97,1.0,-2.97,0.7,6,false,DEGRADED,DEGRADED,,,,,,,,,
2026,PRE,PRE1,IND@NE,IND,NE,initial,true,,,,pass,⚠️ PASS,"⚠️ PASS: Mixed signals, no clear edge identified",,,,blocked,false,true,candidate unavailable,,,,,,blocked,false,true,candidate unavailable,,,research_only,,,,,,,,,,,,,,,,false,unavailable,,forecast_context_only,,,,,,,,,,,,,,,,,,,,,false,true,AFC South,AFC East,AWAY,HOME,AWAY,HOME,no_pick,no_pick,no_pick,no_pick,1.48,-2.0,3.48,-0.52,6,false,DEGRADED,DEGRADED,,,,,,,,,
2026,PRE,PRE1,JAX@NO,JAX,NO,initial,true,,,,pass,⚠️ PASS,⚠️ PASS: Edge score did not isolate a playable market,,,,blocked,false,true,candidate unavailable,,,,,,blocked,false,true,candidate unavailable,,,research_only,,,,,,,,,,,,,,,,false,unavailable,,forecast_context_only,,,,,,,,,,,,,,,,,,,,,false,false,AFC South,NFC South,AWAY,AWAY,AWAY,HOME,no_pick,no_pick,no_pick,no_pick,7.6,2.0,5.6,-0.68,6,false,DEGRADED,DEGRADED,,,,,,,,,
2026,PRE,PRE1,LAC@HOU,LAC,HOU,initial,true,,,,pass,⚠️ PASS,"⚠️ PASS: Mixed signals, no clear edge identified",,,,blocked,false,true,candidate unavailable,,,,,,blocked,false,true,candidate unavailable,,,research_only,,,,,,,,,,,,,,,,false,unavailable,,forecast_context_only,,,,,,,,,,,,,,,,,,,,,false,true,AFC West,AFC South,HOME,AWAY,HOME,AWAY,no_pick,no_pick,no_pick,no_pick,-1.67,1.0,-2.67,0.59,6,false,DEGRADED,DEGRADED,,,,,,,,,
2026,PRE,PRE1,LAR@KC,LAR,KC,initial,true,,,,pass,⚠️ PASS,⚠️ PASS: Edge score did not isolate a playable market,,,,blocked,false,true,candidate unavailable,,,,,,blocked,false,true,candidate unavailable,,,research_only,,,,,,,,,,,,,,,,false,unavailable,,forecast_context_only,,,,,,,,,,,,,,,,,,,,,false,false,NFC West,AFC West,HOME,AWAY,HOME,HOME,no_pick,no_pick,no_pick,no_pick,-3.73,1.0,-4.73,-1.41,5,false,DEGRADED,DEGRADED,,,,,,,,,
2026,PRE,PRE1,MIA@WAS,MIA,WAS,initial,true,,,,pass,⚠️ PASS,"⚠️ PASS: Mixed signals, no clear edge identified",,,,blocked,false,true,candidate unavailable,,,,,,blocked,false,true,candidate unavailable,,,research_only,,,,,,,,,,,,,,,,false,unavailable,,forecast_context_only,,,,,,,,,,,,,,,,,,,,,false,false,AFC East,NFC East,HOME,HOME,NEUTRAL,NEUTRAL,no_pick,no_pick,no_pick,no_pick,-3.08,-3.0,-0.08,0.4,6,false,DEGRADED,DEGRADED,,,,,,,,,
2026,PRE,PRE1,MIN@NYG,MIN,NYG,initial,true,,,,pass,⚠️ PASS,"⚠️ PASS: Mixed signals, no clear edge identified",,,,blocked,false,true,candidate unavailable,,,,,,blocked,false,true,candidate unavailable,,,research_only,,,,,,,,,,,,,,,,false,unavailable,,forecast_context_only,,,,,,,,,,,,,,,,,,,,,false,true,NFC North,NFC East,AWAY,AWAY,AWAY,HOME,no_pick,no_pick,no_pick,no_pick,4.3,1.0,3.3,-0.52,6,false,DEGRADED,DEGRADED,,,,,,,,,
2026,PRE,PRE1,PHI@BAL,PHI,BAL,initial,true,,,,pass,⚠️ PASS,"⚠️ PASS: Mixed signals, no clear edge identified",,,,blocked,false,true,candidate unavailable,,,,,,blocked,false,true,candidate unavailable,,,research_only,,,,,,,,,,,,,,,,false,unavailable,,forecast_context_only,,,,,,,,,,,,,,,,,,,,,false,false,NFC East,AFC North,HOME,HOME,HOME,AWAY,no_pick,no_pick,no_pick,no_pick,-3.99,-1.0,-2.99,0.78,5,false,DEGRADED,DEGRADED,,,,,,,,,
2026,PRE,PRE1,TB@NYJ,TB,NYJ,initial,true,,,,pass,⚠️ PASS,"⚠️ PASS: Mixed signals, no clear edge identified",,,,blocked,false,true,candidate unavailable,,,,,,blocked,false,true,candidate unavailable,,,research_only,,,,,,,,,,,,,,,,false,unavailable,,forecast_context_only,,,,,,,,,,,,,,,,,,,,,false,false,NFC South,AFC East,HOME,AWAY,HOME,NEUTRAL,no_pick,no_pick,no_pick,no_pick,-1.29,3.0,-4.29,-0.18,5,false,DEGRADED,DEGRADED,,,,,,,,,
2026,PRE,PRE1,TEN@SF,TEN,SF,initial,true,,,,pass,⚠️ PASS,"⚠️ PASS: Mixed signals, no clear edge identified",,,,blocked,false,true,candidate unavailable,,,,,,blocked,false,true,candidate unavailable,,,research_only,,,,,,,,,,,,,,,,false,unavailable,,forecast_context_only,,,,,,,,,,,,,,,,,,,,,false,false,AFC South,NFC West,HOME,HOME,HOME,HOME,no_pick,no_pick,no_pick,no_pick,-9.31,-4.0,-5.31,-0.71,6,false,DEGRADED,DEGRADED,,,,,,,,,
2026,PRE,PRE2,ATL@IND,ATL,IND,update,true,,,,pass,⚠️ PASS,"⚠️ PASS: Mixed signals, no clear edge identified",,,,blocked,false,true,candidate unavailable,,,,,,blocked,false,true,candidate unavailable,,,research_only,,,,,,,,,,,,,,,,false,unavailable,,forecast_context_only,,,,,,,,,,,,,,,,,,,,,false,false,NFC South,AFC South,AWAY,NEUTRAL,AWAY,NEUTRAL,no_pick,no_pick,no_pick,no_pick,0.63,0.0,0.63,-0.22,6,false,OK,OK,,,,,,,,,
2026,PRE,PRE2,BUF@CLE,BUF,CLE,update,true,,,0.0,pass,⚠️ PASS,⚠️ PASS: Edge score did not isolate a playable market,NEUTRAL,0.0,4.0,blocked,false,true,no sharp spread side;sharp spread edge required,,,NEUTRAL,0.0,4.0,blocked,false,true,no sharp total side,,,research_only,,,,,,,,,,,,,,,,false,unavailable,,forecast_context_only,,,,,,,,,,,,,,,,,,,,,false,true,AFC East,AFC North,AWAY,AWAY,HOME,HOME,no_pick,no_pick,no_pick,no_pick,3.29,4.0,-0.71,-1.16,6,false,OK,OK,,,,,,,,,
2026,PRE,PRE2,CAR@JAX,CAR,JAX,update,true,,,,pass,❌ FADE,❌ AVOID: Multiple negative factors align,,,,blocked,false,true,candidate unavailable,,,,,,blocked,false,true,candidate unavailable,,,research_only,,,,,,,,,,,,,,,,false,unavailable,,forecast_context_only,,,,,,,,,,,,,,,,,,,,,false,false,NFC South,AFC South,HOME,HOME,HOME,AWAY,no_pick,no_pick,no_pick,no_pick,-4.59,-2.0,-2.59,1.18,5,false,OK,OK,,,,,,,,,
2026,PRE,PRE2,CHI@CIN,CHI,CIN,update,true,,,,pass,❌ FADE,❌ AVOID: Multiple negative factors align,,,,blocked,false,true,candidate unavailable,,,,,,blocked,false,true,candidate unavailable,,,research_only,,,,,,,,,,,,,,,,false,unavailable,,forecast_context_only,,,,,,,,,,,,,,,,,,,,,false,false,NFC North,AFC North,AWAY,NEUTRAL,AWAY,AWAY,no_pick,no_pick,no_pick,no_pick,3.51,0.0,3.51,0.55,5,false,OK,OK,,,,,,,,,
2026,PRE,PRE2,GB@DEN,GB,DEN,update,true,,,,pass,❌ FADE,❌ AVOID: Multiple negative factors align,,,,blocked,false,true,candidate unavailable,,,,,,blocked,false,true,candidate unavailable,,,research_only,,,,,,,,,,,,,,,,false,unavailable,,forecast_context_only,,,,,,,,,,,,,,,,,,,,,false,false,NFC North,AFC West,HOME,AWAY,HOME,NEUTRAL,no_pick,no_pick,no_pick,no_pick,-1.1,1.0,-2.1,0.03,5,false,OK,OK,,,,,,,,,
2026,PRE,PRE2,LV@HOU,LV,HOU,update,true,,,,pass,⚠️ PASS,"⚠️ PASS: Mixed signals, no clear edge identified",,,,blocked,false,true,candidate unavailable,,,,,,blocked,false,true,candidate unavailable,,,research_only,,,,,,,,,,,,,,,,false,unavailable,,forecast_context_only,,,,,,,,,,,,,,,,,,,,,false,true,AFC West,AFC South,AWAY,HOME,AWAY,AWAY,no_pick,no_pick,no_pick,no_pick,5.57,-4.0,9.57,1.03,6,false,OK,OK,,,,,,,,,
2026,PRE,PRE2,NO@LAR,NO,LAR,update,true,,,,pass,❌ FADE,❌ AVOID: Multiple negative factors align,,,,blocked,false,true,candidate unavailable,,,,,,blocked,false,true,candidate unavailable,,,research_only,,,,,,,,,,,,,,,,false,unavailable,,forecast_context_only,,,,,,,,,,,,,,,,,,,,,false,true,NFC South,NFC West,HOME,HOME,AWAY,NEUTRAL,no_pick,no_pick,no_pick,no_pick,-2.2,-4.0,1.8,-0.23,6,false,OK,OK,,,,,,,,,
2026,PRE,PRE2,NYG@MIA,NYG,MIA,update,true,,,,pass,⚠️ PASS,"⚠️ PASS: Mixed signals, no clear edge identified",,,,blocked,false,true,candidate unavailable,,,,,,blocked,false,true,candidate unavailable,,,research_only,,,,,,,,,,,,,,,,false,unavailable,,forecast_context_only,,,,,,,,,,,,,,,,,,,,,false,false,NFC East,AFC East,AWAY,AWAY,AWAY,AWAY,no_pick,no_pick,no_pick,no_pick,6.6,3.0,3.6,0.68,6,false,OK,OK,,,,,,,,,
2026,PRE,PRE2,PHI@NE,PHI,NE,update,true,,,,pass,❌ FADE,❌ AVOID: Multiple negative factors align,,,,blocked,false,true,candidate unavailable,,,,,,blocked,false,true,candidate unavailable,,,research_only,,,,,,,,,,,,,,,,false,unavailable,,forecast_context_only,,,,,,,,,,,,,,,,,,,,,false,false,NFC East,AFC East,NEUTRAL,AWAY,HOME,AWAY,no_pick,no_pick,no_pick,no_pick,-0.44,1.0,-1.44,0.53,5,false,OK,OK,,,,,,,,,
2026,PRE,PRE2,SEA@TEN,SEA,TEN,update,true,,,0.0,pass,⚠️ PASS,⚠️ PASS: Edge score did not isolate a playable market,NEUTRAL,0.0,4.0,blocked,false,true,no sharp spread side;sharp spread edge required,,,NEUTRAL,0.0,4.0,blocked,false,true,no sharp total side,,,research_only,,,,,,,,,,,,,,,,false,unavailable,,forecast_context_only,,,,,,,,,,,,,,,,,,,,,false,false,NFC West,AFC South,AWAY,AWAY,AWAY,NEUTRAL,no_pick,no_pick,no_pick,no_pick,7.29,4.0,3.29,0.42,6,false,OK,OK,,,,,,,,,
2026,PRE,PRE2,SF@LAC,SF,LAC,update,true,,,,pass,⚠️ PASS,"⚠️ PASS: Mixed signals, no clear edge identified",,,,blocked,false,true,candidate unavailable,,,,,,blocked,false,true,candidate unavailable,,,research_only,,,,,,,,,,,,,,,,false,unavailable,,forecast_context_only,,,,,,,,,,,,,,,,,,,,,false,false,NFC West,AFC West,AWAY,NEUTRAL,AWAY,AWAY,no_pick,no_pick,no_pick,no_pick,9.68,0.0,9.68,0.58,6,false,OK,OK,,,,,,,,,
2026,PRE,PRE2,WAS@DET,WAS,DET,update,true,,,,pass,⚠️ PASS,"⚠️ PASS: Mixed signals, no clear edge identified",,,,blocked,false,true,candidate unavailable,,,,,,blocked,false,true,candidate unavailable,,,research_only,,,,,,,,,,,,,,,,false,unavailable,,forecast_context_only,,,,,,,,,,,,,,,,,,,,,false,true,NFC East,NFC North,HOME,HOME,AWAY,NEUTRAL,no_pick,no_pick,no_pick,no_pick,-2.49,-3.0,0.51,-0.44,6,false,OK,OK,,,,,,,,,
2026,PRE,PRE3,ARI@GB,ARI,GB,update,true,,,,pass,❌ FADE,❌ AVOID: Multiple negative factors align,,,,blocked,false,true,candidate unavailable,,,,,,blocked,false,true,candidate unavailable,,,research_only,,,,,,,,,,,,,,,,false,unavailable,,forecast_context_only,,,,,,,,,,,,,,,,,,,,,false,true,NFC West,NFC North,AWAY,HOME,AWAY,HOME,no_pick,no_pick,no_pick,no_pick,0.58,-6.0,6.58,-1.21,6,false,OK,OK,,,,,,,,,
2026,PRE,PRE3,CIN@PHI,CIN,PHI,update,true,,,,pass,❌ FADE,❌ AVOID: Multiple negative factors align,,,,blocked,false,true,candidate unavailable,,,,,,blocked,false,true,candidate unavailable,,,research_only,,,,,,,,,,,,,,,,false,unavailable,,forecast_context_only,,,,,,,,,,,,,,,,,,,,,false,false,AFC North,NFC East,AWAY,HOME,AWAY,HOME,no_pick,no_pick,no_pick,no_pick,3.44,-1.0,4.44,-1.59,5,false,OK,OK,,,,,,,,,
2026,PRE,PRE3,DET@IND,DET,IND,update,true,,,,pass,⚠️ PASS,"⚠️ PASS: Mixed signals, no clear edge identified",,,,blocked,false,true,candidate unavailable,,,,,,blocked,false,true,candidate unavailable,,,research_only,,,,,,,,,,,,,,,,false,unavailable,,forecast_context_only,,,,,,,,,,,,,,,,,,,,,false,false,NFC North,AFC South,NEUTRAL,AWAY,HOME,NEUTRAL,no_pick,no_pick,no_pick,no_pick,-0.45,3.0,-3.45,0.16,6,false,OK,OK,,,,,,,,,
2026,PRE,PRE3,HOU@CAR,HOU,CAR,update,true,,,0.0,pass,⚠️ PASS,⚠️ PASS: Edge score did not isolate a playable market,NEUTRAL,0.0,4.0,blocked,false,true,no sharp spread side;sharp spread edge required,,,NEUTRAL,0.0,4.0,blocked,false,true,no sharp total side,,,research_only,,,,,,,,,,,,,,,,false,unavailable,,forecast_context_only,,,,,,,,,,,,,,,,,,,,,false,false,AFC South,NFC South,HOME,AWAY,HOME,HOME,no_pick,no_pick,no_pick,no_pick,-3.59,2.0,-5.59,-1.29,5,false,OK,OK,,,,,,,,,
2026,PRE,PRE3,LAR@LAC,LAR,LAC,update,true,,,0.0,pass,⚠️ PASS,⚠️ PASS: Edge score did not isolate a playable market,NEUTRAL,0.0,4.0,blocked,false,true,no sharp spread side;sharp spread edge required,,,NEUTRAL,0.0,4.0,blocked,false,true,no sharp total side,,,research_only,,,,,,,,,,,,,,,,false,unavailable,,forecast_context_only,,,,,,,,,,,,,,,,,,,,,false,false,NFC West,AFC West,AWAY,AWAY,AWAY,NEUTRAL,no_pick,no_pick,no_pick,no_pick,4.45,1.0,3.45,0.43,6,false,OK,OK,,,,,,,,,
2026,PRE,PRE3,MIN@DEN,MIN,DEN,update,true,,,,pass,❌ FADE,❌ AVOID: Multiple negative factors align,,,,blocked,false,true,candidate unavailable,,,,,,blocked,false,true,candidate unavailable,,,research_only,,,,,,,,,,,,,,,,false,unavailable,,forecast_context_only,,,,,,,,,,,,,,,,,,,,,false,false,NFC North,AFC West,AWAY,HOME,AWAY,HOME,no_pick,no_pick,no_pick,no_pick,7.03,-1.0,8.03,-0.84,5,false,OK,OK,,,,,,,,,
2026,PRE,PRE3,NE@CLE,NE,CLE,update,true,,,0.0,pass,⚠️ PASS,⚠️ PASS: Edge score did not isolate a playable market,NEUTRAL,0.0,4.0,blocked,false,true,no sharp spread side;sharp spread edge required,,,NEUTRAL,0.0,4.0,blocked,false,true,no sharp total side,,,research_only,,,,,,,,,,,,,,,,false,unavailable,,forecast_context_only,,,,,,,,,,,,,,,,,,,,,false,true,AFC East,AFC North,NEUTRAL,AWAY,HOME,HOME,no_pick,no_pick,no_pick,no_pick,-0.09,3.0,-3.09,-0.97,6,false,OK,OK,,,,,,,,,
2026,PRE,PRE3,NO@DAL,NO,DAL,update,true,,,,pass,⚠️ PASS,"⚠️ PASS: Mixed signals, no clear edge identified",,,,blocked,false,true,candidate unavailable,,,,,,blocked,false,true,candidate unavailable,,,research_only,,,,,,,,,,,,,,,,false,unavailable,,forecast_context_only,,,,,,,,,,,,,,,,,,,,,false,true,NFC South,NFC East,HOME,HOME,HOME,AWAY,no_pick,no_pick,no_pick,no_pick,-2.82,-2.0,-0.82,0.54,6,false,OK,OK,,,,,,,,,
2026,PRE,PRE3,NYG@NYJ,NYG,NYJ,update,true,,,,pass,⚠️ PASS,"⚠️ PASS: Mixed signals, no clear edge identified",,,,blocked,false,true,candidate unavailable,,,,,,blocked,false,true,candidate unavailable,,,research_only,,,,,,,,,,,,,,,,false,unavailable,,forecast_context_only,,,,,,,,,,,,,,,,,,,,,false,false,NFC East,AFC East,AWAY,AWAY,HOME,AWAY,no_pick,no_pick,no_pick,no_pick,1.38,2.0,-0.62,1.52,6,false,OK,OK,,,,,,,,,
2026,PRE,PRE3,PIT@BUF,PIT,BUF,update,true,,,,pass,❌ FADE,❌ AVOID: Multiple negative factors align,,,,blocked,false,true,candidate unavailable,,,,,,blocked,false,true,candidate unavailable,,,research_only,,,,,,,,,,,,,,,,false,unavailable,,forecast_context_only,,,,,,,,,,,,,,,,,,,,,false,true,AFC North,AFC East,HOME,HOME,HOME,NEUTRAL,no_pick,no_pick,no_pick,no_pick,-2.92,-2.0,-0.92,0.03,6,false,OK,OK,,,,,,,,,
2026,PRE,PRE3,SF@LV,SF,LV,update,true,,,0.0,pass,⚠️ PASS,⚠️ PASS: Edge score did not isolate a playable market,NEUTRAL,0.0,4.0,blocked,false,true,no sharp spread side;sharp spread edge required,,,NEUTRAL,0.0,4.0,blocked,false,true,no sharp total side,,,research_only,,,,,,,,,,,,,,,,false,unavailable,,forecast_context_only,,,,,,,,,,,,,,,,,,,,,false,false,NFC West,AFC West,AWAY,AWAY,HOME,NEUTRAL,no_pick,no_pick,no_pick,no_pick,2.44,5.0,-2.56,0.14,6,false,OK,OK,,,,,,,,,
2026,PRE,PRE3,TB@JAX,TB,JAX,update,true,,,,pass,❌ FADE,❌ AVOID: Multiple negative factors align,,,,blocked,false,true,candidate unavailable,,,,,,blocked,false,true,candidate unavailable,,,research_only,,,,,,,,,,,,,,,,false,unavailable,,forecast_context_only,,,,,,,,,,,,,,,,,,,,,false,false,NFC South,AFC South,HOME,HOME,HOME,NEUTRAL,no_pick,no_pick,no_pick,no_pick,-7.93,-1.0,-6.93,0.16,5,false,OK,OK,,,,,,,,,
2026,PRE,PRE3,WAS@BAL,WAS,BAL,update,true,,,,pass,⚠️ PASS,"⚠️ PASS: Mixed signals, no clear edge identified",,,,blocked,false,true,candidate unavailable,,,,,,blocked,false,true,candidate unavailable,,,research_only,,,,,,,,,,,,,,,,false,unavailable,,forecast_context_only,,,,,,,,,,,,,,,,,,,,,false,false,NFC East,AFC North,HOME,HOME,HOME,HOME,no_pick,no_pick,no_pick,no_pick,-5.01,-4.0,-1.01,-0.55,6,false,OK,OK,,,,,,,,,
2026,REG,2.0,WSH@DAL,WAS,DAL,update,true,,,,pass,⚠️ PASS,"⚠️ PASS: Mixed signals, no clear edge identified",,,,blocked,false,true,candidate unavailable,,,,,,blocked,false,true,candidate unavailable,,,research_only,,+190 | -190,,,,,,,,,,,,,,false,unavailable,,forecast_context_only,,,,,,,,,,,,,,,,,,,,,true,true,NFC East,NFC East,HOME,HOME,HOME,AWAY,no_pick,no_pick,no_pick,no_pick,-4.0,-2.0,-2.0,0.64,7,false,OK,OK,0.0,0.0,PUSH,0.0,0.0,,,,
2026,REG,1,ARI@LAC,ARI,LAC,update,true,,,,pass,❌ FADE,❌ AVOID: Multiple negative factors align,,,,blocked,false,true,candidate unavailable,,,,,,blocked,false,true,candidate unavailable,,,research_only,,+426 | -426,,,,,,,,,,,,,,true,fair_line_only,WARPS v2.3 game prior,overlay_only_until_weekly_engine_confirmation,HOME,HOME,,,no_spread_pick,-2.9,2.9,0.5865,0.4135,-142,+142,,,,,,,,,research_only,false,false,NFC West,AFC West,AWAY,HOME,AWAY,AWAY,no_pick,no_pick,no_pick,no_pick,1.34,-6.0,7.34,0.52,6,false,OK,OK,26,14,AWAY,12,40,,,,
2026,REG,1,CLE@JAX,CLE,JAX,update,true,,,,pass,⚠️ PASS,"⚠️ PASS: Mixed signals, no clear edge identified",,,,blocked,false,true,candidate unavailable,,,,,,blocked,false,true,candidate unavailable,,,research_only,,+9900 | -450,,,,,,,,,,,,,,true,fair_line_only,WARPS v2.3 game prior,overlay_only_until_weekly_engine_confirmation,HOME,HOME,,,no_spread_pick,-8.1,8.1,0.7256,0.2744,-264,+264,,,,,,,,,research_only,false,true,AFC North,AFC South,HOME,HOME,HOME,AWAY,no_pick,no_pick,no_pick,no_pick,-7.23,-3.0,-4.23,2.55,6,false,OK,OK,10,34,HOME,-24,44,,,,
2026,REG,1,DAL@NYG,DAL,NYG,update,true,,,,pass,⚠️ PASS,"⚠️ PASS: Mixed signals, no clear edge identified",,,,blocked,false,true,candidate unavailable,,,,,,blocked,false,true,candidate unavailable,,,research_only,,-156 | +150,,,,,,,,,,,,,,true,fair_line_only,WARPS v2.3 game prior,overlay_only_until_weekly_engine_confirmation,HOME,HOME,,,no_spread_pick,-2.2,2.2,0.5646,0.4354,-130,+130,,,,,,,,,research_only,true,true,NFC East,NFC East,NEUTRAL,AWAY,HOME,HOME,no_pick,no_pick,no_pick,no_pick,0.48,2.0,-1.52,-1.72,6,false,OK,OK,20,28,HOME,-8,48,,,,
2026,REG,1,MIA@LV,MIA,LV,update,true,,,,pass,⚠️ PASS,"⚠️ PASS: Mixed signals, no clear edge identified",,,,blocked,false,true,candidate unavailable,,,,,,blocked,false,true,candidate unavailable,,,research_only,,+142 | -159,,,,,,,,,,,,,,true,fair_line_only,WARPS v2.3 game prior,overlay_only_until_weekly_engine_confirmation,HOME,HOME,,,no_spread_pick,-4.6,4.6,0.6342,0.3658,-173,+173,,,,,,,,,research_only,false,true,AFC East,AFC West,HOME,HOME,HOME,NEUTRAL,no_pick,no_pick,no_pick,no_pick,-9.25,-1.0,-8.25,0.26,6,false,OK,OK,13,27,HOME,-14,40,,,,
2026,REG,1,NE@SEA,NE,SEA,update,true,,,,pass,⚠️ PASS,"⚠️ PASS: Mixed signals, no clear edge identified",,,,blocked,false,true,candidate unavailable,,,,,,blocked,false,true,candidate unavailable,,,research_only,,+165 | -170,,,,,,,,,,,,,,true,fair_line_only,WARPS v2.3 game prior,overlay_only_until_weekly_engine_confirmation,HOME,HOME,,,no_spread_pick,-5.3,5.3,0.654,0.346,-189,+189,,,,,,,,,research_only,false,false,AFC East,NFC West,HOME,HOME,HOME,AWAY,no_pick,no_pick,no_pick,no_pick,-5.13,-1.0,-4.13,0.81,6,false,OK,OK,10,13,HOME,-3,23,,,,
2026,REG,1,NO@DET,NO,DET,update,true,,,,pass,⚠️ PASS,"⚠️ PASS: Mixed signals, no clear edge identified",,,,blocked,false,true,candidate unavailable,,,,,,blocked,false,true,candidate unavailable,,,research_only,,+525 | -325,,,,,,,,,,,,,,true,fair_line_only,WARPS v2.3 game prior,overlay_only_until_weekly_engine_confirmation,HOME,HOME,,,no_spread_pick,-5.0,5.0,0.6455,0.3545,-182,+182,,,,,,,,,research_only,false,true,NFC South,NFC North,HOME,HOME,AWAY,HOME,no_pick,no_pick,no_pick,no_pick,-1.31,-3.0,1.69,-0.54,6,false,OK,OK,30,31,HOME,-1,61,,,,
2026,REG,1,NYJ@TEN,NYJ,TEN,update,true,,,,pass,⚠️ PASS,"⚠️ PASS: Mixed signals, no clear edge identified",,,,blocked,false,true,candidate unavailable,,,,,,blocked,false,true,candidate unavailable,,,research_only,,+100 | +300,,,,,,,,,,,,,,true,fair_line_only,WARPS v2.3 game prior,overlay_only_until_weekly_engine_confirmation,HOME,HOME,,,no_spread_pick,-1.7,1.7,0.5503,0.4497,-122,+122,,,,,,,,,research_only,false,true,AFC East,AFC South,AWAY,HOME,AWAY,NEUTRAL,no_pick,no_pick,no_pick,no_pick,2.84,-1.0,3.84,-0.01,6,false,OK,OK,23,10,AWAY,13,33,,,,
2026,REG,1,SF@LAR,SF,LAR,update,true,,,,pass,⚠️ PASS,"⚠️ PASS: Mixed signals, no clear edge identified",,,,blocked,false,true,candidate unavailable,,,,,,blocked,false,true,candidate unavailable,,,research_only,,+180 | -198,,,,,,,,,,,,,,true,fair_line_only,WARPS v2.3 game prior,overlay_only_until_weekly_engine_confirmation,HOME,HOME,,,no_spread_pick,-1.0,1.0,0.5296,0.4704,-113,+113,,,,,,,,,research_only,true,true,NFC West,NFC West,AWAY,HOME,AWAY,NEUTRAL,no_pick,no_pick,no_pick,no_pick,5.23,-1.0,6.23,0.15,6,false,OK,OK,27,7,AWAY,20,34,,,,
2026,REG,1,TB@CIN,TB,CIN,update,true,,,,pass,⚠️ PASS,"⚠️ PASS: Mixed signals, no clear edge identified",,,,blocked,false,true,candidate unavailable,,,,,,blocked,false,true,candidate unavailable,,,research_only,,+1011 | -190,,,,,,,,,,,,,,true,fair_line_only,WARPS v2.3 game prior,overlay_only_until_weekly_engine_confirmation,HOME,HOME,,,no_spread_pick,-2.8,2.8,0.5839,0.4161,-140,+140,,,,,,,,,research_only,false,false,NFC South,AFC North,HOME,HOME,HOME,NEUTRAL,no_pick,no_pick,no_pick,no_pick,-3.61,-1.0,-2.61,-0.36,5,false,OK,OK,27,33,HOME,-6,60,,,,
2026,REG,1,WSH@PHI,WAS,PHI,update,true,,,,pass,⚠️ PASS,"⚠️ PASS: Mixed signals, no clear edge identified",,,,blocked,false,true,candidate unavailable,,,,,,blocked,false,true,candidate unavailable,,,research_only,,+233 | -233,,,,,,,,,,,,,,false,unavailable,,forecast_context_only,,,,,,,,,,,,,,,,,,,,,true,true,NFC East,NFC East,HOME,HOME,AWAY,HOME,no_pick,no_pick,no_pick,no_pick,-1.02,-3.0,1.98,-1.33,5,false,OK,OK,22,24,HOME,-2,46,,,,
2026,REG,2,LV@LAC,LV,LAC,update,true,,,0.0,pass,⚠️ PASS,⚠️ PASS: Edge score did not isolate a playable market,HOME,0.0,3.5,blocked,false,true,team-rating conflict,sharp,team_rating,OVER,-1.0,4.0,lean,false,false,,sharp,ref_weather_context,research_only,,+277 | -277,,,,,,,,,,,,,,true,fair_line_only,WARPS v2.3 game prior,overlay_only_until_weekly_engine_confirmation,HOME,HOME,,,no_spread_pick,-1.7,1.7,0.5496,0.4504,-122,+122,,,,,,,,,research_only,true,true,AFC West,AFC West,AWAY,HOME,AWAY,NEUTRAL,no_pick,no_pick,no_pick,no_pick,7.24,-5.0,12.24,0.44,6,false,OK,OK,26,14,AWAY,12,40,,,,
2026,REG,2,MIA@SF,MIA,SF,update,true,,,0.0,pass,⚠️ PASS,⚠️ PASS: Edge score did not isolate a playable market,AWAY,0.0,3.0,blocked,false,true,team-rating conflict,sharp,team_rating,UNDER,0.0,4.0,lean,false,false,,,,research_only,,+770 | -770,,,,,,,,,,,,,,true,fair_line_only,WARPS v2.3 game prior,overlay_only_until_weekly_engine_confirmation,HOME,HOME,,,no_spread_pick,-9.2,9.2,0.7526,0.2474,-304,+304,,,,,,,,,research_only,false,false,AFC East,NFC West,HOME,HOME,HOME,NEUTRAL,no_pick,no_pick,no_pick,no_pick,-11.69,-6.0,-5.69,0.12,6,false,OK,OK,13,35,HOME,-22,48,,,,
2026,REG,2,NYG@LAR,NYG,LAR,update,true,,,,pass,⚠️ PASS,"⚠️ PASS: Mixed signals, no clear edge identified",,,,blocked,false,true,candidate unavailable,,,,,,blocked,false,true,candidate unavailable,,,research_only,,+270 | -251,,,,,,,,,,,,,,true,fair_line_only,WARPS v2.3 game prior,overlay_only_until_weekly_engine_confirmation,HOME,HOME,,,no_spread_pick,-4.8,4.8,0.642,0.358,-179,+179,,,,,,,,,research_only,false,true,NFC East,NFC West,NEUTRAL,HOME,AWAY,AWAY,no_pick,no_pick,no_pick,no_pick,0.14,-4.0,4.14,0.95,6,false,OK,OK,6,28,HOME,-22,34,,,,
2026,REG,2,PHI@TEN,PHI,TEN,update,true,,,,pass,⚠️ PASS,"⚠️ PASS: Mixed signals, no clear edge identified",,,,blocked,false,true,candidate unavailable,,,,,,blocked,false,true,candidate unavailable,,,research_only,,-292 | +488,,,,,,,,,,,,,,true,fair_line_only,WARPS v2.3 game prior,overlay_only_until_weekly_engine_confirmation,AWAY,AWAY,,,no_spread_pick,1.9,-1.9,0.4425,0.5575,+126,-126,,,,,,,,,research_only,false,false,NFC East,AFC South,AWAY,AWAY,HOME,AWAY,no_pick,no_pick,no_pick,no_pick,1.72,4.0,-2.28,1.76,5,false,OK,OK,24,20,AWAY,4,44,,,,
2026,REG,3,ATL@GB,ATL,GB,final,true,,,0.0,pass,⚠️ PASS,⚠️ PASS: Edge score did not isolate a playable market,AWAY,0.0,4.0,blocked,false,true,team-rating conflict,sharp,team_rating,OVER,0.0,4.0,lean,false,false,,,,research_only,,+257 | -228,,,,,,,,,,,,,,true,fair_line_only,WARPS v2.3 game prior,overlay_only_until_weekly_engine_confirmation,HOME,HOME,,,no_spread_pick,-1.1,1.1,0.5335,0.4665,-114,+114,,,,,,,,,research_only,false,true,NFC South,NFC North,AWAY,HOME,AWAY,HOME,no_pick,no_pick,no_pick,no_pick,3.88,-3.0,6.88,-1.37,6,false,DEGRADED,DEGRADED,35,14,AWAY,21,49,,,,
2026,REG,3,CAR@CLE,CAR,CLE,final,true,,,,pass,⚠️ PASS,"⚠️ PASS: Mixed signals, no clear edge identified",,,,blocked,false,true,candidate unavailable,,,,,,blocked,false,true,candidate unavailable,,,research_only,,-138 | +141,,,,,,,,,,,,,,true,fair_line_only,WARPS v2.3 game prior,overlay_only_until_weekly_engine_confirmation,HOME,HOME,,,no_spread_pick,-0.7,0.7,0.5206,0.4794,-109,+109,,,,,,,,,research_only,false,false,NFC South,AFC North,AWAY,AWAY,AWAY,HOME,no_pick,no_pick,no_pick,no_pick,2.64,1.0,1.64,-1.37,5,false,DEGRADED,DEGRADED,18,21,HOME,-3,39,,,,
2026,REG,3,HOU@IND,HOU,IND,final,true,,,0.0,pass,⚠️ PASS,⚠️ PASS: Edge score did not isolate a playable market,HOME,0.0,5.0,blocked,false,true,no sharp spread side;sharp spread edge required,team_rating,injury,UNDER,0.0,4.0,lean,false,false,,,,research_only,,-127 | +135,,,,,,,,,,,,,,true,fair_line_only,WARPS v2.3 game prior,overlay_only_until_weekly_engine_confirmation,HOME,HOME,,,no_spread_pick,-1.9,1.9,0.5581,0.4419,-126,+126,,,,,,,,,research_only,true,true,AFC South,AFC South,HOME,AWAY,HOME,HOME,no_pick,no_pick,no_pick,no_pick,-2.34,2.0,-4.34,-1.17,6,false,DEGRADED,DEGRADED,17,19,HOME,-2,36,,,,
2026,REG,3,KC@MIA,KC,MIA,final,true,,,,pass,⚠️ PASS,"⚠️ PASS: Mixed signals, no clear edge identified",,,,blocked,false,true,candidate unavailable,,,,,,blocked,false,true,candidate unavailable,,,research_only,,-567 | +590,,,,,,,,,,,,,,true,fair_line_only,WARPS v2.3 game prior,overlay_only_until_weekly_engine_confirmation,AWAY,AWAY,,,no_spread_pick,4.4,-4.4,0.3716,0.6284,+169,-169,,,,,,,,,research_only,false,true,AFC West,AFC East,AWAY,AWAY,AWAY,AWAY,no_pick,no_pick,no_pick,no_pick,10.19,6.0,4.19,1.14,5,false,DEGRADED,DEGRADED,24,10,AWAY,14,34,,,,
2026,REG,3,LAC@BUF,LAC,BUF,final,true,,,0.0,pass,⚠️ PASS,⚠️ PASS: Edge score did not isolate a playable market,AWAY,0.0,4.0,blocked,false,true,team-rating conflict,sharp,team_rating,NEUTRAL,0.0,4.0,blocked,false,true,no sharp total side,,,research_only,,+308 | -300,,,,,,,,,,,,,,true,fair_line_only,WARPS v2.3 game prior,overlay_only_until_weekly_engine_confirmation,HOME,HOME,,,no_spread_pick,-5.9,5.9,0.671,0.329,-204,+204,,,,,,,,,research_only,false,true,AFC West,AFC East,HOME,NEUTRAL,HOME,HOME,no_pick,no_pick,no_pick,no_pick,-5.91,0.0,-5.91,-0.91,6,false,DEGRADED,DEGRADED,16,24,HOME,-8,40,,,,
2026,REG,3,LAR@DEN,LAR,DEN,final,true,,,,pass,⚠️ PASS,"⚠️ PASS: Mixed signals, no clear edge identified",,,,blocked,false,true,candidate unavailable,,,,,,blocked,false,true,candidate unavailable,,,research_only,,-127 | +130,,,,,,,,,,,,,,true,fair_line_only,WARPS v2.3 game prior,overlay_only_until_weekly_engine_confirmation,NEUTRAL,NEUTRAL,,,no_spread_pick,0.3,-0.3,0.4897,0.5103,+104,-104,,,,,,,,,research_only,false,false,NFC West,AFC West,AWAY,AWAY,AWAY,HOME,no_pick,no_pick,no_pick,no_pick,2.59,2.0,0.59,-1.27,5,false,DEGRADED,DEGRADED,26,30,HOME,-4,56,,,,
2026,REG,3,LV@NO,LV,NO,final,true,,,,pass,⚠️ PASS,"⚠️ PASS: Mixed signals, no clear edge identified",,,,blocked,false,true,candidate unavailable,,,,,,blocked,false,true,candidate unavailable,,,research_only,,+160 | -160,,,,,,,,,,,,,,true,fair_line_only,WARPS v2.3 game prior,overlay_only_until_weekly_engine_confirmation,HOME,HOME,,,no_spread_pick,-1.8,1.8,0.5542,0.4458,-124,+124,,,,,,,,,research_only,false,false,AFC West,NFC South,AWAY,HOME,AWAY,NEUTRAL,no_pick,no_pick,no_pick,no_pick,4.99,-2.0,6.99,0.24,6,false,DEGRADED,DEGRADED,35,27,AWAY,8,62,,,,
2026,REG,3,MIN@TB,MIN,TB,final,true,,,,pass,⚠️ PASS,"⚠️ PASS: Mixed signals, no clear edge identified",,,,blocked,false,true,candidate unavailable,,,,,,blocked,false,true,candidate unavailable,,,research_only,,-111 | +122,,,,,,,,,,,,,,true,fair_line_only,WARPS v2.3 game prior,overlay_only_until_weekly_engine_confirmation,AWAY,AWAY,,,no_spread_pick,1.3,-1.3,0.4611,0.5389,+117,-117,,,,,,,,,research_only,false,true,NFC North,NFC South,AWAY,NEUTRAL,AWAY,AWAY,no_pick,no_pick,no_pick,no_pick,6.97,0.0,6.97,1.18,5,false,DEGRADED,DEGRADED,23,16,AWAY,7,39,,,,
2026,REG,3,NE@JAX,NE,JAX,final,true,,,,pass,⚠️ PASS,"⚠️ PASS: Mixed signals, no clear edge identified",,,,blocked,false,true,candidate unavailable,,,,,,blocked,false,true,candidate unavailable,,,research_only,,+147 | -138,,,,,,,,,,,,,,true,fair_line_only,WARPS v2.3 game prior,overlay_only_until_weekly_engine_confirmation,HOME,HOME,,,no_spread_pick,-5.4,5.4,0.6568,0.3432,-191,+191,,,,,,,,,research_only,false,true,AFC East,AFC South,HOME,NEUTRAL,HOME,AWAY,no_pick,no_pick,no_pick,no_pick,-7.32,0.0,-7.32,1.58,6,false,DEGRADED,DEGRADED,6,35,HOME,-29,41,,,,
2026,REG,3,PHI@CHI,PHI,CHI,final,true,,,0.0,pass,⚠️ PASS,⚠️ PASS: Edge score did not isolate a playable market,AWAY,0.0,4.0,blocked,false,true,team-rating conflict,sharp,team_rating;injury,UNDER,0.0,4.0,lean,false,false,,,,research_only,,-178 | +208,,,,,,,,,,,,,,true,fair_line_only,WARPS v2.3 game prior,overlay_only_until_weekly_engine_confirmation,HOME,HOME,,,no_spread_pick,-3.7,3.7,0.6105,0.3895,-157,+157,,,,,,,,,research_only,false,true,NFC East,NFC North,HOME,AWAY,HOME,AWAY,no_pick,no_pick,no_pick,no_pick,-6.95,1.0,-7.95,1.04,5,false,DEGRADED,DEGRADED,7,27,HOME,-20,34,,,,
2026,REG,3,TEN@NYG,TEN,NYG,final,true,,,,pass,⚠️ PASS,"⚠️ PASS: Mixed signals, no clear edge identified",,,,blocked,false,true,candidate unavailable,,,,,,blocked,false,true,candidate unavailable,,,research_only,,+233 | -130,,,,,,,,,,,,,,true,fair_line_only,WARPS v2.3 game prior,overlay_only_until_weekly_engine_confirmation,HOME,HOME,,,no_spread_pick,-5.0,5.0,0.6473,0.3527,-183,+183,,,,,,,,,research_only,false,false,AFC South,NFC East,HOME,HOME,HOME,HOME,no_pick,no_pick,no_pick,no_pick,-4.22,-1.0,-3.22,-1.51,6,false,DEGRADED,DEGRADED,7,12,HOME,-5,19,,,,
2026,REG,4,DAL@HOU,DAL,HOU,update,true,,,,pass,⚠️ PASS,"⚠️ PASS: Mixed signals, no clear edge identified",,,,blocked,false,true,candidate unavailable,,,,,,blocked,false,true,candidate unavailable,,,research_only,,+135 | -135,,,,,,,,,,,,,,true,fair_line_only,WARPS v2.3 game prior,overlay_only_until_weekly_engine_confirmation,HOME,HOME,,,no_spread_pick,-3.7,3.7,0.6085,0.3915,-155,+155,,,,,,,,,research_only,false,false,NFC East,AFC South,AWAY,NEUTRAL,AWAY,NEUTRAL,no_pick,no_pick,no_pick,no_pick,3.4,0.0,3.4,0.25,6,false,OK,OK,34,30,AWAY,4,64,,,,
2026,REG,4,DEN@SF,DEN,SF,update,true,,,0.0,pass,📊 WATCH,⚠️ PASS: Edge score did not isolate a playable market,HOME,0.0,4.0,blocked,false,true,sharp spread edge required,team_rating,,OVER,-1.0,4.0,lean,false,false,,sharp,ref_weather_context,research_only,,+147 | -147,,,,,,,,,,,,,,true,fair_line_only,WARPS v2.3 game prior,overlay_only_until_weekly_engine_confirmation,HOME,HOME,,,no_spread_pick,-5.3,5.3,0.6554,0.3446,-190,+190,,,,,,,,,research_only,false,false,AFC West,NFC West,HOME,HOME,HOME,AWAY,no_pick,no_pick,no_pick,no_pick,-7.82,-1.0,-6.82,1.12,5,false,OK,OK,14,24,HOME,-10,38,,,,
2026,REG,4,JAX@CIN,JAX,CIN,update,true,,,,pass,⚠️ PASS,"⚠️ PASS: Mixed signals, no clear edge identified",,,,blocked,false,true,candidate unavailable,,,,,,blocked,false,true,candidate unavailable,,,research_only,,+125 | -125,,,,,,,,,,,,,,true,fair_line_only,WARPS v2.3 game prior,overlay_only_until_weekly_engine_confirmation,AWAY,AWAY,,,no_spread_pick,2.1,-2.1,0.4381,0.5619,+128,-128,,,,,,,,,research_only,false,true,AFC South,AFC North,AWAY,NEUTRAL,AWAY,HOME,no_pick,no_pick,no_pick,no_pick,4.32,0.0,4.32,-0.52,6,false,OK,OK,22,17,AWAY,5,39,,,,
2026,REG,4,LAR@PHI,LAR,PHI,update,true,,,,pass,⚠️ PASS,"⚠️ PASS: Mixed signals, no clear edge identified",,,,blocked,false,true,candidate unavailable,,,,,,blocked,false,true,candidate unavailable,,,research_only,,-167 | +167,,,,,,,,,,,,,,true,fair_line_only,WARPS v2.3 game prior,overlay_only_until_weekly_engine_confirmation,NEUTRAL,NEUTRAL,,,no_spread_pick,0.0,-0.0,0.5,0.5,+100,-100,,,,,,,,,research_only,false,true,NFC West,NFC East,AWAY,AWAY,AWAY,HOME,no_pick,no_pick,no_pick,no_pick,2.36,1.0,1.36,-1.2,5,false,OK,OK,24,20,AWAY,4,44,,,,
2026,REG,4,NE@BUF,NE,BUF,update,true,,,0.0,pass,📊 WATCH,⚠️ PASS: Edge score did not isolate a playable market,HOME,0.0,4.5,blocked,false,true,sharp spread edge required,team_rating,,OVER,-2.0,4.0,lean,false,false,,,ref_weather_context,research_only,,+280 | -277,,,,,,,,,,,,,,true,fair_line_only,WARPS v2.3 game prior,overlay_only_until_weekly_engine_confirmation,HOME,HOME,,,no_spread_pick,-3.5,3.5,0.6052,0.3948,-153,+153,,,,,,,,,research_only,true,true,AFC East,AFC East,HOME,HOME,HOME,NEUTRAL,no_pick,no_pick,no_pick,no_pick,-3.38,-1.0,-2.38,0.19,6,false,OK,OK,29,26,AWAY,3,55,,,,
2026,REG,4,NYJ@CHI,NYJ,CHI,update,true,,,0.0,pass,🎯 WATCH,⚠️ PASS: Edge score did not isolate a playable market,AWAY,0.0,4.0,blocked,false,true,team-rating conflict,,team_rating;injury,OVER,0.0,4.0,lean,false,false,,,,research_only,,+167 | -167,,,,,,,,,,,,,,true,fair_line_only,WARPS v2.3 game prior,overlay_only_until_weekly_engine_confirmation,HOME,HOME,,,no_spread_pick,-7.3,7.3,0.7074,0.2926,-242,+242,,,,,,,,,research_only,false,false,AFC East,NFC North,HOME,HOME,HOME,HOME,no_pick,no_pick,no_pick,no_pick,-5.83,-4.0,-1.83,-0.73,5,false,OK,OK,12,23,HOME,-11,35,,,,
2026,REG,4,TEN@BAL,TEN,BAL,update,true,,,,pass,⚠️ PASS,"⚠️ PASS: Mixed signals, no clear edge identified",,,,blocked,false,true,candidate unavailable,,,,,,blocked,false,true,candidate unavailable,,,research_only,,+590 | -590,,,,,,,,,,,,,,true,fair_line_only,WARPS v2.3 game prior,overlay_only_until_weekly_engine_confirmation,HOME,HOME,,,no_spread_pick,-7.3,7.3,0.7072,0.2928,-242,+242,,,,,,,,,research_only,false,true,AFC South,AFC North,HOME,HOME,HOME,HOME,no_pick,no_pick,no_pick,no_pick,-5.71,-5.0,-0.71,-0.98,6,false,OK,OK,18,24,HOME,-6,42,,,,
2026,REG,5,BAL@ATL,BAL,ATL,update,true,,,0.0,pass,📊 WATCH,⚠️ PASS: Edge score did not isolate a playable market,AWAY,0.0,5.0,blocked,false,true,no sharp spread side;sharp spread edge required,team_rating;injury,,NEUTRAL,0.0,4.0,blocked,false,true,no sharp total side,,,blocked,AWAY,+160 | -160,,,,,,,,,,,,,,true,priced,WARPS v2.3 game prior + master sharp lines (update),overlay_only_until_weekly_engine_confirmation,AWAY,NEUTRAL,BAL,3.4,no_spread_pick,-0.1,0.1,0.5034,0.4966,-101,+101,-3.5,3.5,-160.0,160.0,AWAY,BAL,0.112,0.2912,research_only,false,false,AFC North,NFC South,AWAY,AWAY,HOME,NEUTRAL,no_pick,no_pick,no_pick,no_pick,1.44,4.0,-2.56,0.49,6,false,OK,OK,0,0,PUSH,0,0,,,,
2026,REG,5,DEN@LAC,DEN,LAC,update,true,,,,pass,⚠️ PASS,"⚠️ PASS: Mixed signals, no clear edge identified",,,,blocked,false,true,candidate unavailable,,,,,,blocked,false,true,candidate unavailable,,,blocked,HOME,-167 | +167,,,,,,,,,,,,,,true,priced,WARPS v2.3 game prior + master sharp lines (update),overlay_only_until_weekly_engine_confirmation,HOME,NEUTRAL,LAC,3.8,no_spread_pick,-0.3,0.3,0.5099,0.4901,-104,+104,3.5,-3.5,167.0,-167.0,HOME,LAC,0.1354,0.3614,research_only,true,true,AFC West,AFC West,AWAY,HOME,AWAY,AWAY,no_pick,no_pick,no_pick,no_pick,1.86,-1.0,2.86,1.7,5,false,OK,OK,0,0,PUSH,0,0,,,,
2026,REG,5,DET@ARI,DET,ARI,update,true,,,,pass,⚠️ PASS,"⚠️ PASS: Mixed signals, no clear edge identified",,,,blocked,false,true,candidate unavailable,,,,,,blocked,false,true,candidate unavailable,,,blocked,HOME,-228 | +228,,,,,,,,,,,,,,true,priced,WARPS v2.3 game prior + master sharp lines (update),overlay_only_until_weekly_engine_confirmation,HOME,AWAY,ARI,3.4,no_spread_pick,2.1,-2.1,0.4384,0.5616,+128,-128,5.5,-5.5,228.0,-228.0,HOME,ARI,0.1335,0.438,research_only,false,true,NFC North,NFC West,AWAY,AWAY,HOME,NEUTRAL,no_pick,no_pick,no_pick,no_pick,2.22,6.0,-3.78,0.22,6,false,OK,OK,0,0,PUSH,0,0,,,,
2026,REG,5,IND@PIT,IND,PIT,update,true,,,,pass,⚠️ PASS,"⚠️ PASS: Mixed signals, no clear edge identified",,,,blocked,false,true,candidate unavailable,,,,,,blocked,false,true,candidate unavailable,,,blocked,AWAY,+135 | -135,,,,,,,,,,,,,,true,priced,WARPS v2.3 game prior + master sharp lines (update),overlay_only_until_weekly_engine_confirmation,AWAY,HOME,IND,1.5,no_spread_pick,-1.0,1.0,0.5301,0.4699,-113,+113,-2.5,2.5,-135.0,135.0,AWAY,IND,0.0444,0.1043,research_only,false,true,AFC South,AFC North,AWAY,HOME,AWAY,NEUTRAL,no_pick,no_pick,no_pick,no_pick,1.02,-1.0,2.02,-0.36,6,false,OK,OK,0,0,PUSH,0,0,,,,
2026,REG,5,MIN@NO,MIN,NO,update,true,,,0.0,pass,📊 WATCH,⚠️ PASS: Edge score did not isolate a playable market,HOME,0.0,5.0,blocked,false,true,team-rating conflict,,team_rating;injury,UNDER,0.0,4.0,lean,false,false,,,,not_priced,AWAY,-125 | +125,,,,,,,,,,,,,,true,priced,WARPS v2.3 game prior + master sharp lines (update),overlay_only_until_weekly_engine_confirmation,HOME,AWAY,NO,0.5,no_spread_pick,2.0,-2.0,0.4393,0.5607,+128,-128,2.5,-2.5,125.0,-125.0,AWAY,MIN,0.0051,0.0093,research_only,false,true,NFC North,NFC South,AWAY,AWAY,AWAY,AWAY,no_pick,no_pick,no_pick,no_pick,6.64,1.0,5.64,0.66,6,false,OK,OK,0,0,PUSH,0,0,,,,
2026,REG,10,ATL@IND,ATL,IND,final,true,,,,pass,⚠️ PASS,"⚠️ PASS: Mixed signals, no clear edge identified",,,,blocked,false,true,candidate unavailable,,,,,,blocked,false,true,candidate unavailable,,,research_only,,,,,,,,,,,,,,,,false,unavailable,,forecast_context_only,,,,,,,,,,,,,,,,,,,,,false,false,NFC South,AFC South,AWAY,NEUTRAL,AWAY,NEUTRAL,no_pick,no_pick,no_pick,no_pick,0.63,0.0,0.63,-0.22,6,false,DEGRADED,DEGRADED,,,,,,,,,
2026,REG,10,BAL@MIN,BAL,MIN,final,true,,,,pass,⚠️ PASS,"⚠️ PASS: Mixed signals, no clear edge identified",,,,blocked,false,true,candidate unavailable,,,,,,blocked,false,true,candidate unavailable,,,research_only,,,,,,,,,,,,,,,,false,unavailable,,forecast_context_only,,,,,,,,,,,,,,,,,,,,,false,false,AFC North,NFC North,HOME,AWAY,HOME,NEUTRAL,no_pick,no_pick,no_pick,no_pick,-2.81,3.0,-5.81,-0.01,6,false,DEGRADED,DEGRADED,,,,,,,,,
2026,REG,10,CLE@NYJ,CLE,NYJ,final,true,,,,pass,⚠️ PASS,"⚠️ PASS: Mixed signals, no clear edge identified",,,,blocked,false,true,candidate unavailable,,,,,,blocked,false,true,candidate unavailable,,,research_only,,,,,,,,,,,,,,,,false,unavailable,,forecast_context_only,,,,,,,,,,,,,,,,,,,,,false,true,AFC North,AFC East,HOME,AWAY,HOME,AWAY,no_pick,no_pick,no_pick,no_pick,-0.59,1.0,-1.59,2.21,6,false,DEGRADED,DEGRADED,,,,,,,,,
2026,REG,10,DET@WAS,DET,WAS,final,true,,,0.0,pass,⚠️ PASS,⚠️ PASS: Edge score did not isolate a playable market,HOME,0.0,4.0,blocked,false,true,no sharp spread side;sharp spread edge required,injury,,NEUTRAL,0.0,4.0,blocked,false,true,no sharp total side,,,research_only,,,,,,,,,,,,,,,,false,unavailable,,forecast_context_only,,,,,,,,,,,,,,,,,,,,,false,true,NFC North,NFC East,AWAY,AWAY,HOME,NEUTRAL,no_pick,no_pick,no_pick,no_pick,2.49,3.0,-0.51,0.44,6,false,DEGRADED,DEGRADED,,,,,,,,,
2026,REG,10,JAX@HOU,JAX,HOU,final,true,,,,pass,⚠️ PASS,"⚠️ PASS: Mixed signals, no clear edge identified",,,,blocked,false,true,candidate unavailable,,,,,,blocked,false,true,candidate unavailable,,,research_only,,,,,,,,,,,,,,,,false,unavailable,,forecast_context_only,,,,,,,,,,,,,,,,,,,,,true,true,AFC South,AFC South,AWAY,NEUTRAL,AWAY,NEUTRAL,no_pick,no_pick,no_pick,no_pick,8.18,0.0,8.18,0.11,6,false,DEGRADED,DEGRADED,,,,,,,,,
2026,REG,10,LAR@SF,LAR,SF,final,true,,,,pass,⚠️ PASS,"⚠️ PASS: Mixed signals, no clear edge identified",,,,blocked,false,true,candidate unavailable,,,,,,blocked,false,true,candidate unavailable,,,research_only,,,,,,,,,,,,,,,,false,unavailable,,forecast_context_only,,,,,,,,,,,,,,,,,,,,,true,true,NFC West,NFC West,HOME,AWAY,HOME,NEUTRAL,no_pick,no_pick,no_pick,no_pick,-5.23,1.0,-6.23,-0.15,6,false,DEGRADED,DEGRADED,,,,,,,,,
2026,REG,10,LV@DEN,LV,DEN,final,true,,,,pass,❌ FADE,❌ AVOID: Multiple negative factors align,,,,blocked,false,true,candidate unavailable,,,,,,blocked,false,true,candidate unavailable,,,research_only,,,,,,,,,,,,,,,,false,unavailable,,forecast_context_only,,,,,,,,,,,,,,,,,,,,,true,true,AFC West,AFC West,AWAY,HOME,AWAY,HOME,no_pick,no_pick,no_pick,no_pick,5.38,-4.0,9.38,-1.26,5,false,DEGRADED,DEGRADED,,,,,,,,,
2026,REG,10,NE@TB,NE,TB,final,true,,,0.0,pass,⚠️ PASS,⚠️ PASS: Edge score did not isolate a playable market,NEUTRAL,0.0,4.0,blocked,false,true,no sharp spread side;sharp spread edge required,,,NEUTRAL,0.0,4.0,blocked,false,true,no sharp total side,,,research_only,,,,,,,,,,,,,,,,false,unavailable,,forecast_context_only,,,,,,,,,,,,,,,,,,,,,false,false,AFC East,NFC South,AWAY,AWAY,NEUTRAL,AWAY,no_pick,no_pick,no_pick,no_pick,0.61,1.0,-0.39,1.42,5,false,DEGRADED,DEGRADED,,,,,,,,,
2026,REG,10,NO@CAR,NO,CAR,final,true,,,0.0,pass,⚠️ PASS,⚠️ PASS: Edge score did not isolate a playable market,AWAY,0.0,5.0,blocked,false,true,no sharp spread side;sharp spread edge required,injury,,NEUTRAL,0.0,4.0,blocked,false,true,no sharp total side,,,research_only,,,,,,,,,,,,,,,,false,unavailable,,forecast_context_only,,,,,,,,,,,,,,,,,,,,,true,true,NFC South,NFC South,HOME,NEUTRAL,HOME,HOME,no_pick,no_pick,no_pick,no_pick,-3.01,0.0,-3.01,-0.5,5,false,DEGRADED,DEGRADED,,,,,,,,,
2026,REG,10,NYG@CHI,NYG,CHI,final,true,,,,pass,⚠️ PASS,"⚠️ PASS: Mixed signals, no clear edge identified",,,,blocked,false,true,candidate unavailable,,,,,,blocked,false,true,candidate unavailable,,,research_only,,,,,,,,,,,,,,,,false,unavailable,,forecast_context_only,,,,,,,,,,,,,,,,,,,,,false,true,NFC East,NFC North,HOME,HOME,HOME,AWAY,no_pick,no_pick,no_pick,no_pick,-4.45,-2.0,-2.45,0.79,5,false,DEGRADED,DEGRADED,,,,,,,,,
2026,REG,10,PHI@GB,PHI,GB,final,true,,,,pass,❌ FADE,❌ AVOID: Multiple negative factors align,,,,blocked,false,true,candidate unavailable,,,,,,blocked,false,true,candidate unavailable,,,research_only,,,,,,,,,,,,,,,,false,unavailable,,forecast_context_only,,,,,,,,,,,,,,,,,,,,,false,true,NFC East,NFC North,AWAY,NEUTRAL,AWAY,NEUTRAL,no_pick,no_pick,no_pick,no_pick,1.33,0.0,1.33,-0.1,5,false,DEGRADED,DEGRADED,,,,,,,,,
2026,REG,10,PIT@LAC,PIT,LAC,final,true,,,,pass,❌ FADE,❌ AVOID: Multiple negative factors align,,,,blocked,false,true,candidate unavailable,,,,,,blocked,false,true,candidate unavailable,,,research_only,,,,,,,,,,,,,,,,false,unavailable,,forecast_context_only,,,,,,,,,,,,,,,,,,,,,false,true,AFC North,AFC West,AWAY,HOME,AWAY,AWAY,no_pick,no_pick,no_pick,no_pick,2.99,-2.0,4.99,0.94,6,false,DEGRADED,DEGRADED,,,,,,,,,
2025,REG,18,ARI@LAR,ARI,LAR,initial,true,,,,pass,⚠️ LANDMINE,"⚠️ PASS: Mixed signals, no clear edge identified",,,,blocked,false,true,candidate unavailable,,,,,,blocked,false,true,candidate unavailable,,,research_only,,,,,,,,,,,,,,,,false,unavailable,,forecast_context_only,,,,,,,,,,,,,,,,,,,,,true,true,NFC West,NFC West,HOME,HOME,AWAY,NEUTRAL,no_pick,no_pick,no_pick,no_pick,-3.11,-7.0,3.89,0.09,6,false,,,20,37,HOME,-17,57,,,,
2025,REG,18,BAL@PIT,BAL,PIT,initial,true,,,,pass,📊 LEAN,👀 LEAN: Baltimore Ravens -3.5 (proceed with caution),,,,blocked,false,true,candidate unavailable,,,,,,blocked,false,true,candidate unavailable,,,research_only,,,,,,,,,,,,,,,,false,unavailable,,forecast_context_only,,,,,,,,,,,,,,,,,,,,,true,true,AFC North,AFC North,AWAY,AWAY,NEUTRAL,NEUTRAL,no_pick,no_pick,no_pick,no_pick,3.09,3.0,0.09,-0.09,6,false,,,24,26,HOME,-2,50,,,,
2025,REG,18,CAR@TB,CAR,TB,initial,true,,,,pass,📊 LEAN,👀 LEAN: Carolina Panthers +2.5 (proceed with caution),,,,blocked,false,true,candidate unavailable,,,,,,blocked,false,true,candidate unavailable,,,research_only,,,,,,,,,,,,,,,,false,unavailable,,forecast_context_only,,,,,,,,,,,,,,,,,,,,,true,true,NFC South,NFC South,AWAY,HOME,AWAY,AWAY,no_pick,no_pick,no_pick,no_pick,3.34,-1.0,4.34,1.02,5,false,,,14,16,HOME,-2,30,,,,
2025,REG,18,CLE@CIN,CLE,CIN,final,true,,,,pass,🎯 TARGETED PLAY,🎯 TARGETED PLAY: Cleveland Browns +7.5,,,,blocked,false,true,candidate unavailable,,,,,,blocked,false,true,candidate unavailable,,,research_only,,,,,,,,,,,,,,,,false,unavailable,,forecast_context_only,,,,,,,,,,,,,,,,,,,,,true,true,AFC North,AFC North,HOME,HOME,NEUTRAL,AWAY,no_pick,no_pick,no_pick,no_pick,-2.91,-3.0,0.09,2.03,6,false,,,20,18,AWAY,2,38,,,,
2025,REG,18,DAL@NYG,DAL,NYG,final,true,,,,pass,⚠️ LANDMINE,"⚠️ PASS: Mixed signals, no clear edge identified",,,,blocked,false,true,candidate unavailable,,,,,,blocked,false,true,candidate unavailable,,,research_only,,,,,,,,,,,,,,,,false,unavailable,,forecast_context_only,,,,,,,,,,,,,,,,,,,,,true,true,NFC East,NFC East,NEUTRAL,AWAY,HOME,HOME,no_pick,no_pick,no_pick,no_pick,0.48,2.0,-1.52,-1.72,6,false,,,17,34,HOME,-17,51,,,,
2025,REG,18,DET@CHI,DET,CHI,initial,true,,,,pass,⚠️ LANDMINE,"⚠️ PASS: Mixed signals, no clear edge identified",,,,blocked,false,true,candidate unavailable,,,,,,blocked,false,true,candidate unavailable,,,research_only,,,,,,,,,,,,,,,,false,unavailable,,forecast_context_only,,,,,,,,,,,,,,,,,,,,,true,true,NFC North,NFC North,HOME,AWAY,HOME,NEUTRAL,no_pick,no_pick,no_pick,no_pick,-5.48,1.0,-6.48,0.15,5,false,,,19,16,AWAY,3,35,,,,
2025,REG,18,GB@MIN,GB,MIN,initial,true,,,,pass,❌ FADE,❌ AVOID: Multiple negative factors align,,,,blocked,false,true,candidate unavailable,,,,,,blocked,false,true,candidate unavailable,,,research_only,,,,,,,,,,,,,,,,false,unavailable,,forecast_context_only,,,,,,,,,,,,,,,,,,,,,true,true,NFC North,NFC North,HOME,AWAY,HOME,AWAY,no_pick,no_pick,no_pick,no_pick,-8.13,2.0,-10.13,0.87,6,false,,,3,16,HOME,-13,19,,,,
2025,REG,18,IND@HOU,IND,HOU,initial,true,,,,pass,⚠️ LANDMINE,"⚠️ PASS: Mixed signals, no clear edge identified",,,,blocked,false,true,candidate unavailable,,,,,,blocked,false,true,candidate unavailable,,,research_only,,,,,,,,,,,,,,,,false,unavailable,,forecast_context_only,,,,,,,,,,,,,,,,,,,,,true,true,AFC South,AFC South,AWAY,HOME,AWAY,AWAY,no_pick,no_pick,no_pick,no_pick,2.34,-2.0,4.34,1.17,6,false,,,30,38,HOME,-8,68,,,,
2025,REG,18,KC@LV,KC,LV,final,true,,,,pass,⚠️ LANDMINE,"⚠️ PASS: Mixed signals, no clear edge identified",,,,blocked,false,true,candidate unavailable,,,,,,blocked,false,true,candidate unavailable,,,research_only,,,,,,,,,,,,,,,,false,unavailable,,forecast_context_only,,,,,,,,,,,,,,,,,,,,,true,true,AFC West,AFC West,AWAY,AWAY,HOME,AWAY,no_pick,no_pick,no_pick,no_pick,0.94,5.0,-4.06,1.4,5,false,,,12,14,HOME,-2,26,,,,
2025,REG,18,LAC@DEN,LAC,DEN,initial,true,,,,pass,❌ FADE,❌ AVOID: Multiple negative factors align,,,,blocked,false,true,candidate unavailable,,,,,,blocked,false,true,candidate unavailable,,,research_only,,,,,,,,,,,,,,,,false,unavailable,,forecast_context_only,,,,,,,,,,,,,,,,,,,,,true,true,AFC West,AFC West,HOME,AWAY,HOME,HOME,no_pick,no_pick,no_pick,no_pick,-1.86,1.0,-2.86,-1.7,5,false,,,3,19,HOME,-16,22,,,,
2025,REG,18,MIA@NE,MIA,NE,initial,true,,,,pass,⚠️ LANDMINE,"⚠️ PASS: Mixed signals, no clear edge identified",,,,blocked,false,true,candidate unavailable,,,,,,blocked,false,true,candidate unavailable,,,research_only,,,,,,,,,,,,,,,,false,unavailable,,forecast_context_only,,,,,,,,,,,,,,,,,,,,,true,true,AFC East,AFC East,HOME,HOME,NEUTRAL,NEUTRAL,no_pick,no_pick,no_pick,no_pick,-4.54,-5.0,0.46,-0.4,6,false,,,10,38,HOME,-28,48,,,,
2025,REG,18,NO@ATL,NO,ATL,initial,true,,,,pass,⚠️ LANDMINE,"⚠️ PASS: Mixed signals, no clear edge identified",,,,blocked,false,true,candidate unavailable,,,,,,blocked,false,true,candidate unavailable,,,research_only,,,,,,,,,,,,,,,,false,unavailable,,forecast_context_only,,,,,,,,,,,,,,,,,,,,,true,true,NFC South,NFC South,HOME,NEUTRAL,HOME,NEUTRAL,no_pick,no_pick,no_pick,no_pick,-2.39,0.0,-2.39,-0.16,6,false,,,17,19,HOME,-2,36,,,,
2025,REG,18,NYJ@BUF,NYJ,BUF,initial,true,,,,pass,⚠️ LANDMINE,"⚠️ PASS: Mixed signals, no clear edge identified",,,,blocked,false,true,candidate unavailable,,,,,,blocked,false,true,candidate unavailable,,,research_only,,,,,,,,,,,,,,,,false,unavailable,,forecast_context_only,,,,,,,,,,,,,,,,,,,,,true,true,AFC East,AFC East,HOME,HOME,AWAY,HOME,no_pick,no_pick,no_pick,no_pick,-2.7,-5.0,2.3,-1.05,6,false,,,8,35,HOME,-27,43,,,,
2025,REG,18,SEA@SF,SEA,SF,initial,true,,,,pass,⚠️ LANDMINE,"⚠️ PASS: Mixed signals, no clear edge identified",,,,blocked,false,true,candidate unavailable,,,,,,blocked,false,true,candidate unavailable,,,research_only,,,,,,,,,,,,,,,,false,unavailable,,forecast_context_only,,,,,,,,,,,,,,,,,,,,,true,true,NFC West,NFC West,HOME,NEUTRAL,HOME,NEUTRAL,no_pick,no_pick,no_pick,no_pick,-2.02,0.0,-2.02,-0.29,6,false,,,13,3,AWAY,10,16,,,,
2025,REG,18,TEN@JAX,TEN,JAX,initial,true,,,,pass,⚠️ LANDMINE,"⚠️ PASS: Mixed signals, no clear edge identified",,,,blocked,false,true,candidate unavailable,,,,,,blocked,false,true,candidate unavailable,,,research_only,,,,,,,,,,,,,,,,false,unavailable,,forecast_context_only,,,,,,,,,,,,,,,,,,,,,true,true,AFC South,AFC South,HOME,HOME,HOME,NEUTRAL,no_pick,no_pick,no_pick,no_pick,-9.48,-3.0,-6.48,0.35,6,false,,,7,41,HOME,-34,48,,,,
2025,REG,18,WSH@PHI,WAS,PHI,initial,true,,,,pass,❌ FADE,❌ AVOID: Multiple negative factors align,,,,blocked,false,true,candidate unavailable,,,,,,blocked,false,true,candidate unavailable,,,research_only,,,,,,,,,,,,,,,,false,unavailable,,forecast_context_only,,,,,,,,,,,,,,,,,,,,,true,true,NFC East,NFC East,HOME,HOME,AWAY,HOME,no_pick,no_pick,no_pick,no_pick,-1.02,-3.0,1.98,-1.33,5,false,,,24,17,AWAY,7,41,,,,
2025,,WC,BUF@JAX,BUF,JAX,update,true,,,,pass,⚠️ LANDMINE,"⚠️ PASS: Mixed signals, no clear edge identified",,,,blocked,false,true,candidate unavailable,,,,,,blocked,false,true,candidate unavailable,,,research_only,,,,,,,,,,,,,,,,false,unavailable,,forecast_context_only,,,,,,,,,,,,,,,,,,,,,false,true,AFC East,AFC South,HOME,AWAY,HOME,AWAY,no_pick,no_pick,no_pick,no_pick,-3.94,1.0,-4.94,1.39,6,false,,,27.0,24.0,AWAY,3.0,51.0,,,,
2025,,WC,GB@CHI,GB,CHI,update,true,,,,pass,⚠️ LANDMINE,"⚠️ PASS: Mixed signals, no clear edge identified",,,,blocked,false,true,candidate unavailable,,,,,,blocked,false,true,candidate unavailable,,,research_only,,,,,,,,,,,,,,,,false,unavailable,,forecast_context_only,,,,,,,,,,,,,,,,,,,,,true,true,NFC North,NFC North,HOME,AWAY,HOME,AWAY,no_pick,no_pick,no_pick,no_pick,-8.28,1.0,-9.28,1.14,5,false,,,27.0,31.0,HOME,-4.0,58.0,,,,
2025,,WC,HOU@PIT,HOU,PIT,update,true,,,,pass,⚠️ LANDMINE,"⚠️ PASS: Mixed signals, no clear edge identified",,,,blocked,false,true,candidate unavailable,,,,,,blocked,false,true,candidate unavailable,,,research_only,,,,,,,,,,,,,,,,false,unavailable,,forecast_context_only,,,,,,,,,,,,,,,,,,,,,false,true,AFC South,AFC North,HOME,AWAY,HOME,HOME,no_pick,no_pick,no_pick,no_pick,-1.32,1.0,-2.32,-1.53,6,false,,,30.0,6.0,AWAY,24.0,36.0,,,,
2025,,WC,LAC@NE,LAC,NE,update,true,,,,pass,❌ FADE,❌ AVOID: Multiple negative factors align,,,,blocked,false,true,candidate unavailable,,,,,,blocked,false,true,candidate unavailable,,,research_only,,,,,,,,,,,,,,,,false,unavailable,,forecast_context_only,,,,,,,,,,,,,,,,,,,,,false,true,AFC West,AFC East,HOME,AWAY,HOME,HOME,no_pick,no_pick,no_pick,no_pick,-2.53,1.0,-3.53,-1.1,6,false,,,3.0,16.0,HOME,-13.0,19.0,,,,
2025,,WC,LAR@CAR,LAR,CAR,update,true,,,,pass,⚠️ LANDMINE,"⚠️ PASS: Mixed signals, no clear edge identified",,,,blocked,false,true,candidate unavailable,,,,,,blocked,false,true,candidate unavailable,,,research_only,,,,,,,,,,,,,,,,false,unavailable,,forecast_context_only,,,,,,,,,,,,,,,,,,,,,false,true,NFC West,NFC South,HOME,AWAY,HOME,NEUTRAL,no_pick,no_pick,no_pick,no_pick,-0.81,4.0,-4.81,-0.27,5,false,,,34.0,31.0,AWAY,3.0,65.0,,,,
2025,,WC,SF@PHI,SF,PHI,update,true,,,,pass,⚠️ LANDMINE,"⚠️ PASS: Mixed signals, no clear edge identified",,,,blocked,false,true,candidate unavailable,,,,,,blocked,false,true,candidate unavailable,,,research_only,,,,,,,,,,,,,,,,false,unavailable,,forecast_context_only,,,,,,,,,,,,,,,,,,,,,false,true,NFC West,NFC East,AWAY,NEUTRAL,AWAY,HOME,no_pick,no_pick,no_pick,no_pick,7.59,0.0,7.59,-1.05,5,false,,,23.0,19.0,AWAY,4.0,42.0,,,,
