key,season,season_type,week,team,opponent,home_away,matchup_key,score_for,score_against,latest_stage,analysis_available,classification,pick_market,pick_side,pick_on_team,selector_score,data_quality_status,source_health_status
ARI:PREWPRE1,2026,PRE,PRE1,ARI,CAR,home,CAR@ARI,30,33,,False,,,,False,,,
LV:PREWPRE1,2026,PRE,PRE1,LV,ARI,home,ARI@LV,,,initial,True,⚠️ PASS,none,,False,,DEGRADED,DEGRADED
CAR:PREWPRE1,2026,PRE,PRE1,CAR,@ARI,away,CAR@ARI,33,30,,False,,,,False,,,
BUF:PREWPRE1,2026,PRE,PRE1,BUF,CAR,home,CAR@BUF,,,initial,True,❌ FADE,none,,False,,DEGRADED,DEGRADED
CLE:PREWPRE1,2026,PRE,PRE1,CLE,@CHI,away,CLE@CHI,,,initial,True,⚠️ PASS,none,,False,,DEGRADED,DEGRADED
CHI:PREWPRE1,2026,PRE,PRE1,CHI,CLE,home,CLE@CHI,,,initial,True,⚠️ PASS,none,,False,,DEGRADED,DEGRADED
DAL:PREWPRE1,2026,PRE,PRE1,DAL,@SEA,away,DAL@SEA,,,initial,True,❌ FADE,none,,False,,DEGRADED,DEGRADED
SEA:PREWPRE1,2026,PRE,PRE1,SEA,DAL,home,DAL@SEA,,,initial,True,❌ FADE,none,,False,,DEGRADED,DEGRADED
DEN:PREWPRE1,2026,PRE,PRE1,DEN,@ATL,away,DEN@ATL,,,initial,True,📊 LEAN,spread,AWAY,True,3,DEGRADED,DEGRADED
ATL:PREWPRE1,2026,PRE,PRE1,ATL,DEN,home,DEN@ATL,,,initial,True,📊 LEAN,spread,AWAY,False,3,DEGRADED,DEGRADED
DET:PREWPRE1,2026,PRE,PRE1,DET,@CIN,away,DET@CIN,,,initial,True,⚠️ PASS,none,,False,,DEGRADED,DEGRADED
CIN:PREWPRE1,2026,PRE,PRE1,CIN,DET,home,DET@CIN,,,initial,True,⚠️ PASS,none,,False,,DEGRADED,DEGRADED
GB:PREWPRE1,2026,PRE,PRE1,GB,@PIT,away,GB@PIT,,,initial,True,📊 LEAN,spread,HOME,False,3,DEGRADED,DEGRADED
PIT:PREWPRE1,2026,PRE,PRE1,PIT,GB,home,GB@PIT,,,initial,True,📊 LEAN,spread,HOME,True,3,DEGRADED,DEGRADED
IND:PREWPRE1,2026,PRE,PRE1,IND,@NE,away,IND@NE,,,initial,True,⚠️ PASS,none,,False,,DEGRADED,DEGRADED
NE:PREWPRE1,2026,PRE,PRE1,NE,IND,home,IND@NE,,,initial,True,⚠️ PASS,none,,False,,DEGRADED,DEGRADED
JAX:PREWPRE1,2026,PRE,PRE1,JAX,@NO,away,JAX@NO,,,initial,True,⚠️ PASS,none,,False,,DEGRADED,DEGRADED
NO:PREWPRE1,2026,PRE,PRE1,NO,JAX,home,JAX@NO,,,initial,True,⚠️ PASS,none,,False,,DEGRADED,DEGRADED
LAC:PREWPRE1,2026,PRE,PRE1,LAC,@HOU,away,LAC@HOU,,,initial,True,⚠️ PASS,none,,False,,DEGRADED,DEGRADED
HOU:PREWPRE1,2026,PRE,PRE1,HOU,LAC,home,LAC@HOU,,,initial,True,⚠️ PASS,none,,False,,DEGRADED,DEGRADED
LAR:PREWPRE1,2026,PRE,PRE1,LAR,@KC,away,LAR@KC,,,initial,True,⚠️ PASS,none,,False,,DEGRADED,DEGRADED
KC:PREWPRE1,2026,PRE,PRE1,KC,LAR,home,LAR@KC,,,initial,True,⚠️ PASS,none,,False,,DEGRADED,DEGRADED
MIA:PREWPRE1,2026,PRE,PRE1,MIA,@WAS,away,MIA@WAS,,,initial,True,⚠️ PASS,none,,False,,DEGRADED,DEGRADED
WAS:PREWPRE1,2026,PRE,PRE1,WAS,MIA,home,MIA@WAS,,,initial,True,⚠️ PASS,none,,False,,DEGRADED,DEGRADED
MIN:PREWPRE1,2026,PRE,PRE1,MIN,@NYG,away,MIN@NYG,,,initial,True,⚠️ PASS,none,,False,,DEGRADED,DEGRADED
NYG:PREWPRE1,2026,PRE,PRE1,NYG,MIN,home,MIN@NYG,,,initial,True,⚠️ PASS,none,,False,,DEGRADED,DEGRADED
PHI:PREWPRE1,2026,PRE,PRE1,PHI,@BAL,away,PHI@BAL,,,initial,True,⚠️ PASS,none,,False,,DEGRADED,DEGRADED
BAL:PREWPRE1,2026,PRE,PRE1,BAL,PHI,home,PHI@BAL,,,initial,True,⚠️ PASS,none,,False,,DEGRADED,DEGRADED
TB:PREWPRE1,2026,PRE,PRE1,TB,@NYJ,away,TB@NYJ,,,initial,True,⚠️ PASS,none,,False,,DEGRADED,DEGRADED
NYJ:PREWPRE1,2026,PRE,PRE1,NYJ,TB,home,TB@NYJ,,,initial,True,⚠️ PASS,none,,False,,DEGRADED,DEGRADED
TEN:PREWPRE1,2026,PRE,PRE1,TEN,@SF,away,TEN@SF,,,initial,True,⚠️ PASS,none,,False,,DEGRADED,DEGRADED
SF:PREWPRE1,2026,PRE,PRE1,SF,TEN,home,TEN@SF,,,initial,True,⚠️ PASS,none,,False,,DEGRADED,DEGRADED
ARI:PREWPRE2,2026,PRE,PRE2,ARI,DAL,home,DAL@ARI,,,update,True,⚠️ PASS,none,,False,2.0,OK,OK
LV:PREWPRE2,2026,PRE,PRE2,LV,@HOU,away,LV@HOU,,,update,True,⚠️ PASS,none,,False,,OK,OK
ATL:PREWPRE2,2026,PRE,PRE2,ATL,DEN,home,DEN@ATL,7,27,,False,,,,False,,,
IND:PREWPRE2,2026,PRE,PRE2,IND,@NE,away,IND@NE,13,13,,False,,,,False,,,
BAL:PREWPRE2,2026,PRE,PRE2,BAL,PHI,home,PHI@BAL,24,7,,False,,,,False,,,
MIN:PREWPRE2,2026,PRE,PRE2,MIN,@NYG,away,MIN@NYG,13,10,,False,,,,False,,,
BUF:PREWPRE2,2026,PRE,PRE2,BUF,CAR,home,CAR@BUF,29,14,,False,,,,False,,,
CLE:PREWPRE2,2026,PRE,PRE2,CLE,@CHI,away,CLE@CHI,10,34,,False,,,,False,,,
CAR:PREWPRE2,2026,PRE,PRE2,CAR,@JAX,away,CAR@JAX,,,update,True,❌ FADE,none,,False,,OK,OK
JAX:PREWPRE2,2026,PRE,PRE2,JAX,@NO,away,JAX@NO,24,20,,False,,,,False,,,
CHI:PREWPRE2,2026,PRE,PRE2,CHI,CLE,home,CLE@CHI,34,10,,False,,,,False,,,
CIN:PREWPRE2,2026,PRE,PRE2,CIN,DET,home,DET@CIN,16,14,,False,,,,False,,,
DAL:PREWPRE2,2026,PRE,PRE2,DAL,@SEA,away,DAL@SEA,17,7,,False,,,,False,,,
SEA:PREWPRE2,2026,PRE,PRE2,SEA,@TEN,away,SEA@TEN,,,update,True,⚠️ PASS,none,,False,0,OK,OK
DEN:PREWPRE2,2026,PRE,PRE2,DEN,GB,home,GB@DEN,,,update,True,❌ FADE,none,,False,,OK,OK
DET:PREWPRE2,2026,PRE,PRE2,DET,WAS,home,WAS@DET,,,update,True,⚠️ PASS,none,,False,,OK,OK
GB:PREWPRE2,2026,PRE,PRE2,GB,@PIT,away,GB@PIT,9,28,,False,,,,False,,,
PIT:PREWPRE2,2026,PRE,PRE2,PIT,NYJ,home,NYJ@PIT,,,update,True,⚠️ PASS,none,,False,1.0,OK,OK
NE:PREWPRE2,2026,PRE,PRE2,NE,PHI,home,PHI@NE,,,update,True,❌ FADE,none,,False,,OK,OK
NO:PREWPRE2,2026,PRE,PRE2,NO,@LAR,away,NO@LAR,,,update,True,❌ FADE,none,,False,,OK,OK
KC:PREWPRE2,2026,PRE,PRE2,KC,LAR,home,LAR@KC,12,20,,False,,,,False,,,
TB:PREWPRE2,2026,PRE,PRE2,TB,@NYJ,away,TB@NYJ,24,16,,False,,,,False,,,
LAC:PREWPRE2,2026,PRE,PRE2,LAC,SF,home,SF@LAC,,,update,True,⚠️ PASS,none,,False,,OK,OK
HOU:PREWPRE2,2026,PRE,PRE2,HOU,LV,home,LV@HOU,,,update,True,⚠️ PASS,none,,False,,OK,OK
LAR:PREWPRE2,2026,PRE,PRE2,LAR,NO,home,NO@LAR,,,update,True,❌ FADE,none,,False,,OK,OK
MIA:PREWPRE2,2026,PRE,PRE2,MIA,NYG,home,NYG@MIA,,,update,True,⚠️ PASS,none,,False,,OK,OK
WSH:PREWPRE2,2026,PRE,PRE2,WSH,MIA,home,MIA@WSH,20,7,,False,,,,False,,,
NYG:PREWPRE2,2026,PRE,PRE2,NYG,@MIA,away,NYG@MIA,,,update,True,⚠️ PASS,none,,False,,OK,OK
NYJ:PREWPRE2,2026,PRE,PRE2,NYJ,TB,home,TB@NYJ,16,24,,False,,,,False,,,
PHI:PREWPRE2,2026,PRE,PRE2,PHI,@NE,away,PHI@NE,,,update,True,❌ FADE,none,,False,,OK,OK
TEN:PREWPRE2,2026,PRE,PRE2,TEN,@SF,away,TEN@SF,19,13,,False,,,,False,,,
SF:PREWPRE2,2026,PRE,PRE2,SF,TEN,home,TEN@SF,13,19,,False,,,,False,,,
WAS:PREWPRE2,2026,PRE,PRE2,WAS,@DET,away,WAS@DET,,,update,True,⚠️ PASS,none,,False,,OK,OK
ARI:PREWPRE3,2026,PRE,PRE3,ARI,DAL,home,DAL@ARI,13,34,,False,,,,False,,,
GB:PREWPRE3,2026,PRE,PRE3,GB,@DEN,away,GB@DEN,33,13,,False,,,,False,,,
ATL:PREWPRE3,2026,PRE,PRE3,ATL,@MIA,away,ATL@MIA,,,update,True,⚠️ PASS,none,UNDER,False,5.0,OK,OK
IND:PREWPRE3,2026,PRE,PRE3,IND,DET,home,DET@IND,,,update,True,⚠️ PASS,none,,False,,OK,OK
MIA:PREWPRE3,2026,PRE,PRE3,MIA,NYG,home,NYG@MIA,3,26,,False,,,,False,,,
BAL:PREWPRE3,2026,PRE,PRE3,BAL,WAS,home,WAS@BAL,,,update,True,⚠️ PASS,none,,False,,OK,OK
MIN:PREWPRE3,2026,PRE,PRE3,MIN,@DEN,away,MIN@DEN,,,update,True,❌ FADE,none,,False,,OK,OK
BUF:PREWPRE3,2026,PRE,PRE3,BUF,PIT,home,PIT@BUF,,,update,True,❌ FADE,none,,False,,OK,OK
CLE:PREWPRE3,2026,PRE,PRE3,CLE,NE,home,NE@CLE,,,update,True,⚠️ PASS,none,,False,0,OK,OK
CAR:PREWPRE3,2026,PRE,PRE3,CAR,HOU,home,HOU@CAR,,,update,True,⚠️ PASS,none,HOME,False,0,OK,OK
JAX:PREWPRE3,2026,PRE,PRE3,JAX,TB,home,TB@JAX,,,update,True,❌ FADE,none,,False,,OK,OK
CHI:PREWPRE3,2026,PRE,PRE3,CHI,@TEN,away,CHI@TEN,,,update,True,❌ FADE,none,,False,3.0,OK,OK
CIN:PREWPRE3,2026,PRE,PRE3,CIN,@PHI,away,CIN@PHI,,,update,True,❌ FADE,none,,False,,OK,OK
TEN:PREWPRE3,2026,PRE,PRE3,TEN,SEA,home,SEA@TEN,19,16,,False,,,,False,,,
PHI:PREWPRE3,2026,PRE,PRE3,PHI,@NE,away,PHI@NE,21,24,,False,,,,False,,,
DAL:PREWPRE3,2026,PRE,PRE3,DAL,NO,home,NO@DAL,,,update,True,⚠️ PASS,none,,False,,OK,OK
DET:PREWPRE3,2026,PRE,PRE3,DET,WSH,home,WSH@DET,17,13,,False,,,,False,,,
DEN:PREWPRE3,2026,PRE,PRE3,DEN,MIN,home,MIN@DEN,,,update,True,❌ FADE,none,,False,,OK,OK
HOU:PREWPRE3,2026,PRE,PRE3,HOU,LV,home,LV@HOU,20,22,,False,,,,False,,,
KC:PREWPRE3,2026,PRE,PRE3,KC,SEA,home,SEA@KC,,,final,True,📊 LEAN,spread,AWAY,False,3,DEGRADED,DEGRADED
TB:PREWPRE3,2026,PRE,PRE3,TB,@JAX,away,TB@JAX,,,update,True,❌ FADE,none,,False,,OK,OK
LAR:PREWPRE3,2026,PRE,PRE3,LAR,NO,home,NO@LAR,34,0,,False,,,,False,,,
LAC:PREWPRE3,2026,PRE,PRE3,LAC,SF,home,SF@LAC,17,41,,False,,,,False,,,
LV:PREWPRE3,2026,PRE,PRE3,LV,SF,home,SF@LV,,,update,True,⚠️ PASS,none,,False,0,OK,OK
NE:PREWPRE3,2026,PRE,PRE3,NE,PHI,home,PHI@NE,24,21,,False,,,,False,,,
NO:PREWPRE3,2026,PRE,PRE3,NO,@LAR,away,NO@LAR,0,34,,False,,,,False,,,
NYG:PREWPRE3,2026,PRE,PRE3,NYG,@NYJ,away,NYG@NYJ,,,update,True,⚠️ PASS,none,,False,,OK,OK
NYJ:PREWPRE3,2026,PRE,PRE3,NYJ,@PIT,away,NYJ@PIT,17,0,,False,,,,False,,,
PIT:PREWPRE3,2026,PRE,PRE3,PIT,@BUF,away,PIT@BUF,,,update,True,❌ FADE,none,,False,,OK,OK
SEA:PREWPRE3,2026,PRE,PRE3,SEA,@TEN,away,SEA@TEN,16,19,,False,,,,False,,,
SF:PREWPRE3,2026,PRE,PRE3,SF,@LV,away,SF@LV,,,update,True,⚠️ PASS,none,,False,0,OK,OK
WAS:PREWPRE3,2026,PRE,PRE3,WAS,@BAL,away,WAS@BAL,,,update,True,⚠️ PASS,none,,False,,OK,OK
WSH:PREWPRE3,2026,PRE,PRE3,WSH,@DET,away,WSH@DET,13,17,,False,,,,False,,,
ARI:W10,2026,REG,10,ARI,LAR,home,LAR@ARI,0,0,,False,,,,False,,,
SEA:W10,2026,REG,10,SEA,@LV,away,SEA@LV,0,0,,False,,,,False,,,
ATL:W10,2026,REG,10,ATL,KC,home,KC@ATL,0,0,,False,,,,False,,,
IND:W10,2026,REG,10,IND,MIA,home,MIA@IND,0,0,,False,,,,False,,,
BAL:W10,2026,REG,10,BAL,LAC,home,LAC@BAL,0,0,,False,,,,False,,,
MIN:W10,2026,REG,10,MIN,@GB,away,MIN@GB,0,0,,False,,,,False,,,
BUF:W10,2026,REG,10,BUF,@NYJ,away,BUF@NYJ,0,0,,False,,,,False,,,
MIA:W10,2026,REG,10,MIA,@IND,away,MIA@IND,0,0,,False,,,,False,,,
NYJ:W10,2026,REG,10,NYJ,CLE,home,CLE@NYJ,,,final,True,⚠️ PASS,none,,False,,DEGRADED,DEGRADED
CAR:W10,2026,REG,10,CAR,NO,home,NO@CAR,,,final,True,⚠️ PASS,none,,False,,DEGRADED,DEGRADED
NO:W10,2026,REG,10,NO,@CAR,away,NO@CAR,,,final,True,⚠️ PASS,none,,False,,DEGRADED,DEGRADED
CLE:W10,2026,REG,10,CLE,HOU,home,HOU@CLE,0,0,,False,,,,False,,,
DET:W10,2026,REG,10,DET,NE,home,NE@DET,0,0,,False,,,,False,,,
WAS:W10,2026,REG,10,WAS,DET,home,DET@WAS,,,final,True,⚠️ PASS,none,,False,,DEGRADED,DEGRADED
HOU:W10,2026,REG,10,HOU,JAX,home,JAX@HOU,,,final,True,⚠️ PASS,none,,False,,DEGRADED,DEGRADED
JAX:W10,2026,REG,10,JAX,@TEN,away,JAX@TEN,0,0,,False,,,,False,,,
TEN:W10,2026,REG,10,TEN,JAX,home,JAX@TEN,0,0,,False,,,,False,,,
KC:W10,2026,REG,10,KC,@ATL,away,KC@ATL,0,0,,False,,,,False,,,
LAC:W10,2026,REG,10,LAC,PIT,home,PIT@LAC,,,final,True,❌ FADE,none,,False,,DEGRADED,DEGRADED
LAR:W10,2026,REG,10,LAR,@SF,away,LAR@SF,,,final,True,⚠️ PASS,none,,False,,DEGRADED,DEGRADED
SF:W10,2026,REG,10,SF,@DAL,away,SF@DAL,0,0,,False,,,,False,,,
LV:W10,2026,REG,10,LV,SEA,home,SEA@LV,0,0,,False,,,,False,,,
DEN:W10,2026,REG,10,DEN,LV,home,LV@DEN,,,final,True,❌ FADE,none,,False,,DEGRADED,DEGRADED
GB:W10,2026,REG,10,GB,PHI,home,PHI@GB,,,final,True,❌ FADE,none,,False,,DEGRADED,DEGRADED
NE:W10,2026,REG,10,NE,@TB,away,NE@TB,,,final,True,⚠️ PASS,none,,False,,DEGRADED,DEGRADED
TB:W10,2026,REG,10,TB,NE,home,NE@TB,,,final,True,⚠️ PASS,none,,False,,DEGRADED,DEGRADED
NYG:W10,2026,REG,10,NYG,WSH,home,WSH@NYG,0,0,,False,,,,False,,,
CHI:W10,2026,REG,10,CHI,NYG,home,NYG@CHI,,,final,True,⚠️ PASS,none,,False,,DEGRADED,DEGRADED
PHI:W10,2026,REG,10,PHI,@GB,away,PHI@GB,,,final,True,❌ FADE,none,,False,,DEGRADED,DEGRADED
PIT:W10,2026,REG,10,PIT,@LAC,away,PIT@LAC,,,final,True,❌ FADE,none,,False,,DEGRADED,DEGRADED
CIN:W10,2026,REG,10,CIN,PIT,home,PIT@CIN,0,0,,False,,,,False,,,
DAL:W10,2026,REG,10,DAL,SF,home,SF@DAL,0,0,,False,,,,False,,,
WSH:W10,2026,REG,10,WSH,@NYG,away,WSH@NYG,0,0,,False,,,,False,,,
ARI:W18,2025,REG,18,ARI,@LAR,away,ARI@LAR,20,37,initial,True,⚠️ LANDMINE,,,False,,,
LAR:W18,2025,REG,18,LAR,ARI,home,ARI@LAR,37,20,initial,True,⚠️ LANDMINE,,,False,,,
BAL:W18,2025,REG,18,BAL,@PIT,away,BAL@PIT,24,26,initial,True,📊 LEAN,,,False,,,
PIT:W18,2025,REG,18,PIT,BAL,home,BAL@PIT,26,24,initial,True,📊 LEAN,,,False,,,
CAR:W18,2025,REG,18,CAR,@TB,away,CAR@TB,14,16,initial,True,📊 LEAN,,,False,,,
TB:W18,2025,REG,18,TB,CAR,home,CAR@TB,16,14,initial,True,📊 LEAN,,,False,,,
CLE:W18,2025,REG,18,CLE,@CIN,away,CLE@CIN,20,18,final,True,🎯 TARGETED PLAY,,,False,,,
CIN:W18,2025,REG,18,CIN,CLE,home,CLE@CIN,18,20,final,True,🎯 TARGETED PLAY,,,False,,,
DAL:W18,2025,REG,18,DAL,@NYG,away,DAL@NYG,17,34,final,True,⚠️ LANDMINE,,,False,,,
NYG:W18,2025,REG,18,NYG,DAL,home,DAL@NYG,34,17,final,True,⚠️ LANDMINE,,,False,,,
DET:W18,2025,REG,18,DET,@CHI,away,DET@CHI,19,16,initial,True,⚠️ LANDMINE,,,False,,,
CHI:W18,2025,REG,18,CHI,DET,home,DET@CHI,16,19,initial,True,⚠️ LANDMINE,,,False,,,
GB:W18,2025,REG,18,GB,@MIN,away,GB@MIN,3,16,initial,True,❌ FADE,,,False,,,
MIN:W18,2025,REG,18,MIN,GB,home,GB@MIN,16,3,initial,True,❌ FADE,,,False,,,
IND:W18,2025,REG,18,IND,@HOU,away,IND@HOU,30,38,initial,True,⚠️ LANDMINE,,,False,,,
HOU:W18,2025,REG,18,HOU,IND,home,IND@HOU,38,30,initial,True,⚠️ LANDMINE,,,False,,,
KC:W18,2025,REG,18,KC,@LV,away,KC@LV,12,14,final,True,⚠️ LANDMINE,,,False,,,
LV:W18,2025,REG,18,LV,KC,home,KC@LV,14,12,final,True,⚠️ LANDMINE,,,False,,,
LAC:W18,2025,REG,18,LAC,@DEN,away,LAC@DEN,3,19,initial,True,❌ FADE,,,False,,,
DEN:W18,2025,REG,18,DEN,LAC,home,LAC@DEN,19,3,initial,True,❌ FADE,,,False,,,
MIA:W18,2025,REG,18,MIA,@NE,away,MIA@NE,10,38,initial,True,⚠️ LANDMINE,,,False,,,
NE:W18,2025,REG,18,NE,MIA,home,MIA@NE,38,10,initial,True,⚠️ LANDMINE,,,False,,,
NO:W18,2025,REG,18,NO,@ATL,away,NO@ATL,17,19,initial,True,⚠️ LANDMINE,,,False,,,
ATL:W18,2025,REG,18,ATL,NO,home,NO@ATL,19,17,initial,True,⚠️ LANDMINE,,,False,,,
NYJ:W18,2025,REG,18,NYJ,@BUF,away,NYJ@BUF,8,35,initial,True,⚠️ LANDMINE,,,False,,,
BUF:W18,2025,REG,18,BUF,NYJ,home,NYJ@BUF,35,8,initial,True,⚠️ LANDMINE,,,False,,,
SEA:W18,2025,REG,18,SEA,@SF,away,SEA@SF,13,3,initial,True,⚠️ LANDMINE,,,False,,,
SF:W18,2025,REG,18,SF,SEA,home,SEA@SF,3,13,initial,True,⚠️ LANDMINE,,,False,,,
TEN:W18,2025,REG,18,TEN,@JAX,away,TEN@JAX,7,41,initial,True,⚠️ LANDMINE,,,False,,,
JAX:W18,2025,REG,18,JAX,TEN,home,TEN@JAX,41,7,initial,True,⚠️ LANDMINE,,,False,,,
WSH:W18,2025,REG,18,WSH,@PHI,away,WSH@PHI,24,17,initial,True,❌ FADE,,,False,,,
PHI:W18,2025,REG,18,PHI,WSH,home,WSH@PHI,17,24,initial,True,❌ FADE,,,False,,,
BUF:W19,2025,POST,19,BUF,@JAX,away,BUF@JAX,27,24,,False,,,,False,,,
JAX:W19,2025,POST,19,JAX,BUF,home,BUF@JAX,24,27,,False,,,,False,,,
GB:W19,2025,POST,19,GB,@CHI,away,GB@CHI,27,31,,False,,,,False,,,
CHI:W19,2025,POST,19,CHI,GB,home,GB@CHI,31,27,,False,,,,False,,,
HOU:W19,2025,POST,19,HOU,@PIT,away,HOU@PIT,30,6,,False,,,,False,,,
PIT:W19,2025,POST,19,PIT,HOU,home,HOU@PIT,6,30,,False,,,,False,,,
LAC:W19,2025,POST,19,LAC,@NE,away,LAC@NE,3,16,,False,,,,False,,,
NE:W19,2025,POST,19,NE,LAC,home,LAC@NE,16,3,,False,,,,False,,,
LAR:W19,2025,POST,19,LAR,@CAR,away,LAR@CAR,34,31,,False,,,,False,,,
CAR:W19,2025,POST,19,CAR,LAR,home,LAR@CAR,31,34,,False,,,,False,,,
SF:W19,2025,POST,19,SF,@PHI,away,SF@PHI,23,19,,False,,,,False,,,
PHI:W19,2025,POST,19,PHI,SF,home,SF@PHI,19,23,,False,,,,False,,,
BUF:WWC,2025,,WC,BUF,@JAX,away,BUF@JAX,27.0,24.0,update,True,⚠️ LANDMINE,,,False,,,
JAX:WWC,2025,,WC,JAX,BUF,home,BUF@JAX,24.0,27.0,update,True,⚠️ LANDMINE,,,False,,,
GB:WWC,2025,,WC,GB,@CHI,away,GB@CHI,27.0,31.0,update,True,⚠️ LANDMINE,,,False,,,
CHI:WWC,2025,,WC,CHI,GB,home,GB@CHI,31.0,27.0,update,True,⚠️ LANDMINE,,,False,,,
HOU:WWC,2025,,WC,HOU,@PIT,away,HOU@PIT,30.0,6.0,update,True,⚠️ LANDMINE,,,False,,,
PIT:WWC,2025,,WC,PIT,HOU,home,HOU@PIT,6.0,30.0,update,True,⚠️ LANDMINE,,,False,,,
LAC:WWC,2025,,WC,LAC,@NE,away,LAC@NE,3.0,16.0,update,True,❌ FADE,,,False,,,
NE:WWC,2025,,WC,NE,LAC,home,LAC@NE,16.0,3.0,update,True,❌ FADE,,,False,,,
LAR:WWC,2025,,WC,LAR,@CAR,away,LAR@CAR,34.0,31.0,update,True,⚠️ LANDMINE,,,False,,,
CAR:WWC,2025,,WC,CAR,LAR,home,LAR@CAR,31.0,34.0,update,True,⚠️ LANDMINE,,,False,,,
SF:WWC,2025,,WC,SF,@PHI,away,SF@PHI,23.0,19.0,update,True,⚠️ LANDMINE,,,False,,,
PHI:WWC,2025,,WC,PHI,SF,home,SF@PHI,19.0,23.0,update,True,⚠️ LANDMINE,,,False,,,
TBD:WWC,2026,POST,WC,TBD,TBD,home,TBD@TBD,0,0,,False,,,,False,,,
