season,week,matchup_key,away_tla,home_tla,game_date,warps_fair_spread,market_spread,spread_edge_pts,spread_overlay_side,spread_overlay_team,ml_edge_prob,ml_overlay_ev,market_total,engine_confirmed,engine_market,engine_side,engine_stage,away_score,home_score,engine_spread_result,overlay_spread_result,ml_result,ou_result,su_pick_tla,su_pick_result,status
2026,1,ARI@LAC,ARI,LAC,2026-09-13,-4.2,,,,,,,47.5,False,,,,26.0,14.0,no_edge,,no_data,under,LAC,LOSS,fair_line_only
2026,1,ATL@PIT,ATL,PIT,2026-09-13,-3.1,,,,,,,39.5,True,spread,HOME,initial,13.0,20.0,no_edge,,no_data,under,PIT,WIN,fair_line_only
2026,1,BAL@IND,BAL,IND,2026-09-13,-2.1,,,,,,,48.5,False,,,,41.0,23.0,no_edge,,no_data,over,IND,LOSS,fair_line_only
2026,1,BUF@HOU,BUF,HOU,2026-09-13,-2.8,,,,,,,44.5,False,,,,36.0,31.0,no_edge,,no_data,over,HOU,LOSS,fair_line_only
2026,1,CHI@CAR,CHI,CAR,2026-09-13,-0.2,,,,,,,47.0,False,,,,59.0,37.0,no_edge,,no_data,over,CAR,LOSS,fair_line_only
2026,1,CLE@JAX,CLE,JAX,2026-09-13,-6.6,,,,,,,40.5,False,,,,10.0,34.0,no_edge,,no_data,over,JAX,WIN,fair_line_only
2026,1,DAL@NYG,DAL,NYG,2026-09-13,-2.6,,,,,,,47.5,False,,,,20.0,28.0,no_edge,,no_data,over,NYG,WIN,fair_line_only
2026,1,DEN@KC,DEN,KC,2026-09-14,-1.8,,,,,,,43.5,False,,,,10.0,31.0,no_edge,,no_data,under,KC,WIN,fair_line_only
2026,1,GB@MIN,GB,MIN,2026-09-13,-2.2,,,,,,,45.5,False,,,,22.0,39.0,no_edge,,no_data,over,MIN,WIN,fair_line_only
2026,1,MIA@LV,MIA,LV,2026-09-13,-0.1,,,,,,,40.5,False,,,,13.0,27.0,no_edge,,no_data,under,LV,WIN,fair_line_only
2026,1,NE@SEA,NE,SEA,2026-09-09,-3.8,,,,,,,44.5,False,,,,10.0,13.0,no_edge,,no_data,under,SEA,WIN,fair_line_only
2026,1,NO@DET,NO,DET,2026-09-13,-5.7,,,,,,,50.0,False,,,,30.0,31.0,no_edge,,no_data,over,DET,WIN,fair_line_only
2026,1,NYJ@TEN,NYJ,TEN,2026-09-13,-3.3,,,,,,,32.5,False,,,,23.0,10.0,no_edge,,no_data,over,TEN,LOSS,fair_line_only
2026,1,SF@LAR,SF,LAR,2026-09-10,-3.8,,,,,,,36.5,False,,,,27.0,7.0,no_edge,,no_data,under,LAR,LOSS,fair_line_only
2026,1,TB@CIN,TB,CIN,2026-09-13,-1.0,,,,,,,49.5,False,,,,27.0,33.0,no_edge,,no_data,over,CIN,WIN,fair_line_only
2026,1,WAS@PHI,WAS,PHI,2026-09-13,-5.9,,,,,,,,False,,,,,,no_data,,no_data,no_data,PHI,TIE,fair_line_only
2026,2,CAR@ATL,CAR,ATL,2026-09-20,-3.2,17.5,20.7,HOME,ATL,-0.4977,8.922,43.5,True,total,OVER,update,34.0,3.0,miss,,loss,under,ATL,LOSS,priced
2026,2,CIN@HOU,CIN,HOU,2026-09-20,-5.8,3.5,9.3,HOME,HOU,-0.2312,1.024,45.5,False,,,,20.0,6.0,miss,,loss,under,HOU,LOSS,priced
2026,2,CLE@TB,CLE,TB,2026-09-20,-4.3,-1.5,2.8,AWAY,CLE,0.08,0.6884,41.5,True,total,OVER,update,23.0,19.0,cover,,win,over,TB,LOSS,priced
2026,2,DET@BUF,DET,BUF,2026-09-17,-1.7,-5.5,-3.8,AWAY,DET,0.3573,5.4134,54.5,False,,,,31.0,41.0,miss,,loss,over,BUF,WIN,priced
2026,2,GB@NYJ,GB,NYJ,2026-09-20,3.0,3.5,0.5,HOME,NYJ,-0.0271,0.0865,43.5,True,spread,HOME,update,20.0,17.0,cover,,loss,under,GB,WIN,priced
2026,2,IND@KC,IND,KC,2026-09-20,-1.7,-5.5,-3.8,AWAY,IND,0.1677,0.6036,45.5,False,,,,30.0,33.0,cover,,loss,over,KC,WIN,priced
2026,2,JAX@DEN,JAX,DEN,2026-09-20,-0.8,2.5,3.3,HOME,DEN,0.0343,0.0653,34.5,True,spread,AWAY,update,13.0,20.0,miss,,loss,under,DEN,WIN,priced
2026,2,LV@LAC,LV,LAC,2026-09-20,-6.0,-1.5,4.5,HOME,LAC,0.0618,0.2332,43.5,False,,,,26.0,14.0,miss,,win,under,LAC,LOSS,priced
2026,2,MIA@SF,MIA,SF,2026-09-20,-5.6,-12.5,-6.9,AWAY,MIA,0.2231,1.9406,44.5,False,,,,13.0,35.0,miss,,loss,over,SF,WIN,priced
2026,2,MIN@CHI,MIN,CHI,2026-09-20,-1.3,-3.5,-2.2,AWAY,MIN,0.1008,0.3404,30.5,True,spread,HOME,initial,9.0,3.0,miss,,win,under,CHI,LOSS,priced
2026,2,NO@BAL,NO,BAL,2026-09-20,-4.6,-7.5,-2.9,AWAY,NO,0.189,1.1609,42.5,False,,,,24.0,17.0,cover,,win,under,BAL,LOSS,priced
2026,2,NYG@LAR,NYG,LAR,2026-09-21,-6.4,-4.5,1.9,HOME,LAR,0.0429,0.1736,47.5,False,,,,6.0,28.0,cover,,loss,under,LAR,WIN,priced
2026,2,PHI@TEN,PHI,TEN,2026-09-20,2.8,9.5,6.7,HOME,TEN,-0.2305,1.4484,39.5,False,,,,24.0,20.0,cover,,loss,over,PHI,WIN,priced
2026,2,PIT@NE,PIT,NE,2026-09-20,-3.5,-4.5,-1.0,AWAY,PIT,0.2262,1.8417,41.5,False,,,,3.0,20.0,miss,,loss,under,NE,WIN,priced
2026,2,SEA@ARI,SEA,ARI,2026-09-20,4.0,3.5,-0.5,AWAY,SEA,-0.0389,0.1127,36.5,True,spread,HOME,update,31.0,7.0,miss,,loss,over,SEA,WIN,priced
2026,2,WAS@DAL,WAS,DAL,2026-09-20,-2.5,-4.5,-2.0,AWAY,WAS,0.0815,0.2363,51.5,True,spread,AWAY,update,20.0,37.0,miss,,loss,over,DAL,WIN,priced
2026,3,ARI@SF,ARI,SF,2026-09-27,-5.7,-7.5,-1.8,AWAY,ARI,0.1144,0.5261,47.5,False,,,,30.0,36.0,cover,cover,loss,over,SF,WIN,priced
2026,3,ATL@GB,ATL,GB,2026-09-24,-3.1,-4.5,-1.4,AWAY,ATL,0.1177,0.4569,42.5,False,,,,35.0,14.0,cover,cover,win,over,GB,LOSS,priced
2026,3,BAL@DAL,BAL,DAL,2026-09-27,1.1,3.5,2.4,HOME,DAL,-0.0842,0.2509,54.5,False,,,,34.0,31.0,cover,cover,loss,over,BAL,WIN,priced
2026,3,CAR@CLE,CAR,CLE,2026-09-27,-1.7,1.5,3.2,HOME,CLE,-0.1102,0.3092,41.5,False,,,,18.0,21.0,cover,cover,win,under,CLE,WIN,priced
2026,3,CIN@PIT,CIN,PIT,2026-09-27,-3.5,3.5,7.0,HOME,PIT,-0.2153,0.5814,42.5,True,spread,AWAY,final,27.0,30.0,miss,cover,win,over,PIT,WIN,priced
2026,3,HOU@IND,HOU,IND,2026-09-27,-0.5,1.5,2.0,HOME,IND,-0.0466,0.1143,42.5,False,,,,17.0,19.0,cover,cover,win,under,IND,WIN,priced
2026,3,KC@MIA,KC,MIA,2026-09-27,1.2,9.5,8.3,HOME,MIA,-0.3091,1.9934,36.5,False,,,,24.0,10.0,miss,miss,loss,under,KC,WIN,priced
2026,3,LAC@BUF,LAC,BUF,2026-09-27,-4.2,-7.5,-3.3,AWAY,LAC,0.1299,0.5349,50.5,False,,,,16.0,24.0,miss,miss,loss,under,BUF,WIN,priced
2026,3,LAR@DEN,LAR,DEN,2026-09-27,-0.1,1.5,1.6,AWAY,LAR,-0.0371,0.1418,43.5,False,,,,26.0,30.0,miss,miss,win,over,DEN,WIN,priced
2026,3,LV@NO,LV,NO,2026-09-27,-4.9,-3.5,1.4,HOME,NO,-0.0051,0.0346,43.5,True,spread,AWAY,update,35.0,27.0,cover,miss,loss,over,NO,LOSS,priced
2026,3,MIN@TB,MIN,TB,2026-09-27,-1.4,4.5,5.9,HOME,TB,-0.0744,0.2039,39.5,False,,,,23.0,16.0,miss,miss,loss,under,TB,LOSS,priced
2026,3,NE@JAX,NE,JAX,2026-09-27,-2.6,-3.0,-0.4,AWAY,NE,0.0133,0.0485,41.5,False,,,,6.0,35.0,miss,miss,loss,under,JAX,WIN,priced
2026,3,NYJ@DET,NYJ,DET,2026-09-27,-8.8,-6.5,2.3,HOME,DET,-0.0079,0.0129,48.5,True,total,OVER,update,24.0,31.0,cover,cover,win,over,DET,WIN,priced
2026,3,PHI@CHI,PHI,CHI,2026-09-28,-0.3,3.5,3.8,HOME,CHI,-0.1432,0.3925,42.5,False,,,,7.0,27.0,cover,cover,win,under,CHI,WIN,priced
2026,3,SEA@WAS,SEA,WAS,2026-09-27,3.9,7.5,3.6,HOME,WAS,-0.1489,0.7081,40.5,False,,,,31.0,33.0,cover,cover,win,over,SEA,LOSS,priced
2026,3,TEN@NYG,TEN,NYG,2026-09-27,-4.0,-2.5,1.5,HOME,NYG,0.0367,0.2777,38.5,False,,,,7.0,12.0,cover,cover,loss,under,NYG,WIN,priced
2026,4,ARI@NYG,ARI,NYG,2026-10-04,-3.1,2.5,5.6,HOME,NYG,-0.1465,0.3295,43.5,False,,,,24,36,cover,cover,win,over,NYG,WIN,priced
2026,4,ATL@NO,ATL,NO,2026-10-05,-1.4,3.5,4.9,HOME,NO,-0.0273,0.0531,47.5,True,total,OVER,initial,45,24,miss,miss,loss,over,NO,LOSS,priced
2026,4,DAL@HOU,DAL,HOU,2026-10-04,-6.6,-2.5,4.1,HOME,HOU,-0.1147,0.1997,48.5,True,spread,AWAY,initial,34,30,cover,miss,loss,over,HOU,LOSS,priced
2026,4,DEN@SF,DEN,SF,2026-10-04,-2.2,-2.5,-0.3,AWAY,DEN,0.031,0.0767,47.5,True,spread,HOME,initial,14,24,cover,miss,loss,under,SF,WIN,priced
2026,4,DET@CAR,DET,CAR,2026-10-04,2.3,4.5,2.2,HOME,CAR,-0.0974,0.2911,52.5,True,spread,HOME,initial,26,32,cover,cover,win,over,DET,LOSS,priced
2026,4,GB@TB,GB,TB,2026-10-04,-1.6,2.5,4.1,HOME,TB,-0.1333,0.3212,31.5,True,spread,HOME,update,17,14,miss,miss,loss,under,TB,LOSS,priced
2026,4,IND@WAS,IND,WAS,2026-10-04,1.6,4.5,2.9,HOME,WAS,-0.112,0.3146,47.0,False,,,,30,13,miss,miss,loss,under,IND,WIN,priced
2026,4,JAX@CIN,JAX,CIN,2026-10-04,1.4,-20.5,-21.9,AWAY,JAX,0.0979,0.2202,40.5,False,,,,22,17,cover,cover,win,under,JAX,WIN,priced
2026,4,KC@LV,KC,LV,2026-10-04,3.1,5.5,2.4,HOME,LV,-0.0839,0.2937,58.5,False,,,,30,27,cover,cover,loss,under,KC,WIN,priced
2026,4,LAC@SEA,LAC,SEA,2026-10-04,-5.8,20.5,26.3,HOME,SEA,0.0807,0.3209,42.5,False,,,,23,30,cover,cover,loss,over,SEA,WIN,priced
2026,4,LAR@PHI,LAR,PHI,2026-10-04,-0.5,4.5,5.0,HOME,PHI,-0.1397,0.3729,42.5,False,,,,24,20,cover,cover,loss,over,PHI,LOSS,priced
2026,4,MIA@MIN,MIA,MIN,2026-10-04,-4.9,19.5,24.4,HOME,MIN,0.1837,1.0487,38.5,False,,,,10,15,cover,cover,loss,under,MIN,WIN,priced
2026,4,NE@BUF,NE,BUF,2026-10-04,-2.2,-6.5,-4.3,AWAY,NE,0.1699,0.6477,47.5,True,spread,HOME,initial,29,26,miss,cover,win,over,BUF,LOSS,priced
2026,4,NYJ@CHI,NYJ,CHI,2026-10-04,-6.4,-3.5,2.9,HOME,CHI,-0.0573,0.0917,42.5,True,spread,HOME,initial,12,23,cover,cover,win,under,CHI,WIN,priced
2026,4,PIT@CLE,PIT,CLE,2026-10-01,0.7,3.5,2.8,HOME,CLE,-0.0756,0.1868,37.5,False,,,,24,27,cover,cover,win,over,PIT,LOSS,priced
2026,4,TEN@BAL,TEN,BAL,2026-10-04,-6.5,16.5,23.0,HOME,BAL,0.1707,1.1776,42.5,False,,,,18,24,cover,cover,loss,under,BAL,WIN,priced
