season,week,matchup_key,game_date,game_day,away_tla,home_tla,away_warps_wins,home_warps_wins,fair_home_spread,fair_away_spread,home_win_prob,away_win_prob,home_fair_moneyline,away_fair_moneyline,market_home_spread,market_away_spread,market_home_moneyline,market_away_moneyline,market_total,home_spread_edge,away_spread_edge,spread_overlay_side,spread_overlay_team,spread_overlay_edge_points,home_ml_no_vig_prob,away_ml_no_vig_prob,moneyline_hold,home_ml_edge,away_ml_edge,ml_overlay_side,ml_overlay_team,ml_overlay_edge_prob,ml_overlay_ev,status,recommendation_policy,source
2026,1,ARI@LAC,2026-09-13,Sun,ARI,LAC,6.33,7.06,-2.9,2.9,0.5865,0.4135,-142,+142,,,,,,,,,,,,,,,,,,,,fair_line_only,overlay_only_until_weekly_engine_confirmation,WARPS v2.3 game prior
2026,1,ATL@PIT,2026-09-13,Sun,ATL,PIT,8.30,8.35,-2.0,2.0,0.5613,0.4387,-128,+128,,,,,,,,,,,,,,,,,,,,fair_line_only,overlay_only_until_weekly_engine_confirmation,WARPS v2.3 game prior
2026,1,BAL@IND,2026-09-13,Sun,BAL,IND,9.81,9.14,-1.2,1.2,0.5348,0.4652,-115,+115,,,,,,,,,,,,,,,,,,,,fair_line_only,overlay_only_until_weekly_engine_confirmation,WARPS v2.3 game prior
2026,1,BUF@HOU,2026-09-13,Sun,BUF,HOU,10.21,9.19,-0.7,0.7,0.5214,0.4786,-109,+109,,,,,,,,,,,,,,,,,,,,fair_line_only,overlay_only_until_weekly_engine_confirmation,WARPS v2.3 game prior
2026,1,CHI@CAR,2026-09-13,Sun,CHI,CAR,10.07,7.86,0.8,-0.8,0.4772,0.5228,+110,-110,,,,,,,,,,,,,,,,,,,,fair_line_only,overlay_only_until_weekly_engine_confirmation,WARPS v2.3 game prior
2026,1,CLE@JAX,2026-09-13,Sun,CLE,JAX,6.81,11.69,-8.1,8.1,0.7256,0.2744,-264,+264,,,,,,,,,,,,,,,,,,,,fair_line_only,overlay_only_until_weekly_engine_confirmation,WARPS v2.3 game prior
2026,1,DAL@NYG,2026-09-13,Sun,DAL,NYG,7.85,7.98,-2.2,2.2,0.5646,0.4354,-130,+130,,,,,,,,,,,,,,,,,,,,fair_line_only,overlay_only_until_weekly_engine_confirmation,WARPS v2.3 game prior
2026,1,DEN@KC,2026-09-14,Mon,DEN,KC,8.40,10.37,-4.4,4.4,0.6308,0.3692,-171,+171,,,,,,,,,,,,,,,,,,,,fair_line_only,overlay_only_until_weekly_engine_confirmation,WARPS v2.3 game prior
2026,1,GB@MIN,2026-09-13,Sun,GB,MIN,7.60,10.41,-5.5,5.5,0.6598,0.3402,-194,+194,,,,,,,,,,,,,,,,,,,,fair_line_only,overlay_only_until_weekly_engine_confirmation,WARPS v2.3 game prior
2026,1,MIA@LV,2026-09-13,Sun,MIA,LV,5.27,7.34,-4.6,4.6,0.6342,0.3658,-173,+173,,,,,,,,,,,,,,,,,,,,fair_line_only,overlay_only_until_weekly_engine_confirmation,WARPS v2.3 game prior
2026,1,NE@SEA,2026-09-09,Wed,NE,SEA,8.97,11.61,-5.3,5.3,0.6540,0.3460,-189,+189,,,,,,,,,,,,,,,,,,,,fair_line_only,overlay_only_until_weekly_engine_confirmation,WARPS v2.3 game prior
2026,1,NO@DET,2026-09-13,Sun,NO,DET,7.19,9.58,-5.0,5.0,0.6455,0.3545,-182,+182,,,,,,,,,,,,,,,,,,,,fair_line_only,overlay_only_until_weekly_engine_confirmation,WARPS v2.3 game prior
2026,1,NYJ@TEN,2026-09-13,Sun,NYJ,TEN,5.79,5.53,-1.7,1.7,0.5503,0.4497,-122,+122,,,,,,,,,,,,,,,,,,,,fair_line_only,overlay_only_until_weekly_engine_confirmation,WARPS v2.3 game prior
2026,1,SF@LAR,2026-09-10,Thu,SF,LAR,11.08,10.27,-1.0,1.0,0.5296,0.4704,-113,+113,,,,,,,,,,,,,,,,,,,,fair_line_only,overlay_only_until_weekly_engine_confirmation,WARPS v2.3 game prior
2026,1,TB@CIN,2026-09-13,Sun,TB,CIN,7.78,8.43,-2.8,2.8,0.5839,0.4161,-140,+140,,,,,,,,,,,,,,,,,,,,fair_line_only,overlay_only_until_weekly_engine_confirmation,WARPS v2.3 game prior
2026,1,WAS@PHI,2026-09-13,Sun,WAS,PHI,6.26,8.67,-5.0,5.0,0.6461,0.3539,-183,+183,,,,,,,,,,,,,,,,,,,,fair_line_only,overlay_only_until_weekly_engine_confirmation,WARPS v2.3 game prior
2026,2,CAR@ATL,2026-09-20,Sun,CAR,ATL,7.86,8.30,-2.5,2.5,0.5759,0.4241,-136,+136,,,,,,,,,,,,,,,,,,,,fair_line_only,overlay_only_until_weekly_engine_confirmation,WARPS v2.3 game prior
2026,2,CIN@HOU,2026-09-20,Sun,CIN,HOU,8.43,9.19,-2.9,2.9,0.5873,0.4127,-142,+142,,,,,,,,,,,,,,,,,,,,fair_line_only,overlay_only_until_weekly_engine_confirmation,WARPS v2.3 game prior
2026,2,CLE@TB,2026-09-20,Sun,CLE,TB,6.81,7.78,-3.2,3.2,0.5950,0.4050,-147,+147,,,,,,,,,,,,,,,,,,,,fair_line_only,overlay_only_until_weekly_engine_confirmation,WARPS v2.3 game prior
2026,2,DET@BUF,2026-09-17,Thu,DET,BUF,9.58,10.21,-2.8,2.8,0.5829,0.4171,-140,+140,,,,,,,,,,,,,,,,,,,,fair_line_only,overlay_only_until_weekly_engine_confirmation,WARPS v2.3 game prior
2026,2,GB@NYJ,2026-09-20,Sun,GB,NYJ,7.60,5.79,0.3,-0.3,0.4921,0.5079,+103,-103,,,,,,,,,,,,,,,,,,,,fair_line_only,overlay_only_until_weekly_engine_confirmation,WARPS v2.3 game prior
2026,2,IND@KC,2026-09-20,Sun,IND,KC,9.14,10.37,-3.5,3.5,0.6045,0.3955,-153,+153,,,,,,,,,,,,,,,,,,,,fair_line_only,overlay_only_until_weekly_engine_confirmation,WARPS v2.3 game prior
2026,2,JAX@DEN,2026-09-20,Sun,JAX,DEN,11.69,8.40,2.1,-2.1,0.4368,0.5632,+129,-129,,,,,,,,,,,,,,,,,,,,fair_line_only,overlay_only_until_weekly_engine_confirmation,WARPS v2.3 game prior
2026,2,LV@LAC,2026-09-20,Sun,LV,LAC,7.34,7.06,-1.7,1.7,0.5496,0.4504,-122,+122,,,,,,,,,,,,,,,,,,,,fair_line_only,overlay_only_until_weekly_engine_confirmation,WARPS v2.3 game prior
2026,2,MIA@SF,2026-09-20,Sun,MIA,SF,5.27,11.08,-9.2,9.2,0.7526,0.2474,-304,+304,,,,,,,,,,,,,,,,,,,,fair_line_only,overlay_only_until_weekly_engine_confirmation,WARPS v2.3 game prior
2026,2,MIN@CHI,2026-09-20,Sun,MIN,CHI,10.41,10.07,-1.6,1.6,0.5470,0.4530,-121,+121,,,,,,,,,,,,,,,,,,,,fair_line_only,overlay_only_until_weekly_engine_confirmation,WARPS v2.3 game prior
2026,2,NO@BAL,2026-09-20,Sun,NO,BAL,7.19,9.81,-5.3,5.3,0.6533,0.3467,-188,+188,,,,,,,,,,,,,,,,,,,,fair_line_only,overlay_only_until_weekly_engine_confirmation,WARPS v2.3 game prior
2026,2,NYG@LAR,2026-09-21,Mon,NYG,LAR,7.98,10.27,-4.8,4.8,0.6420,0.3580,-179,+179,,,,,,,,,,,,,,,,,,,,fair_line_only,overlay_only_until_weekly_engine_confirmation,WARPS v2.3 game prior
2026,2,PHI@TEN,2026-09-20,Sun,PHI,TEN,8.67,5.53,1.9,-1.9,0.4425,0.5575,+126,-126,,,,,,,,,,,,,,,,,,,,fair_line_only,overlay_only_until_weekly_engine_confirmation,WARPS v2.3 game prior
2026,2,PIT@NE,2026-09-20,Sun,PIT,NE,8.35,8.97,-2.8,2.8,0.5825,0.4175,-139,+139,,,,,,,,,,,,,,,,,,,,fair_line_only,overlay_only_until_weekly_engine_confirmation,WARPS v2.3 game prior
2026,2,SEA@ARI,2026-09-20,Sun,SEA,ARI,11.61,6.33,4.6,-4.6,0.3654,0.6346,+174,-174,,,,,,,,,,,,,,,,,,,,fair_line_only,overlay_only_until_weekly_engine_confirmation,WARPS v2.3 game prior
2026,2,WAS@DAL,2026-09-20,Sun,WAS,DAL,6.26,7.85,-4.0,4.0,0.6172,0.3828,-161,+161,,,,,,,,,,,,,,,,,,,,fair_line_only,overlay_only_until_weekly_engine_confirmation,WARPS v2.3 game prior
2026,3,ARI@SF,2026-09-27,Sun,ARI,SF,6.33,11.08,-7.9,7.9,0.7217,0.2783,-259,+259,,,,,,,,,,,,,,,,,,,,fair_line_only,overlay_only_until_weekly_engine_confirmation,WARPS v2.3 game prior
2026,3,ATL@GB,2026-09-24,Thu,ATL,GB,8.30,7.60,-1.1,1.1,0.5335,0.4665,-114,+114,,,,,,,,,,,,,,,,,,,,fair_line_only,overlay_only_until_weekly_engine_confirmation,WARPS v2.3 game prior
2026,3,BAL@DAL,2026-09-27,Sun,BAL,DAL,9.81,7.85,0.5,-0.5,0.4863,0.5137,+106,-106,,,,,,,,,,,,,,,,,,,,fair_line_only,overlay_only_until_weekly_engine_confirmation,WARPS v2.3 game prior
2026,3,CAR@CLE,2026-09-27,Sun,CAR,CLE,7.86,6.81,-0.7,0.7,0.5206,0.4794,-109,+109,,,,,,,,,,,,,,,,,,,,fair_line_only,overlay_only_until_weekly_engine_confirmation,WARPS v2.3 game prior
2026,3,CIN@PIT,2026-09-27,Sun,CIN,PIT,8.43,8.35,-1.9,1.9,0.5565,0.4435,-125,+125,,,,,,,,,,,,,,,,,,,,fair_line_only,overlay_only_until_weekly_engine_confirmation,WARPS v2.3 game prior
2026,3,HOU@IND,2026-09-27,Sun,HOU,IND,9.19,9.14,-1.9,1.9,0.5581,0.4419,-126,+126,,,,,,,,,,,,,,,,,,,,fair_line_only,overlay_only_until_weekly_engine_confirmation,WARPS v2.3 game prior
2026,3,KC@MIA,2026-09-27,Sun,KC,MIA,10.37,5.27,4.4,-4.4,0.3716,0.6284,+169,-169,,,,,,,,,,,,,,,,,,,,fair_line_only,overlay_only_until_weekly_engine_confirmation,WARPS v2.3 game prior
2026,3,LAC@BUF,2026-09-27,Sun,LAC,BUF,7.06,10.21,-5.9,5.9,0.6710,0.3290,-204,+204,,,,,,,,,,,,,,,,,,,,fair_line_only,overlay_only_until_weekly_engine_confirmation,WARPS v2.3 game prior
2026,3,LAR@DEN,2026-09-27,Sun,LAR,DEN,10.27,8.40,0.3,-0.3,0.4897,0.5103,+104,-104,,,,,,,,,,,,,,,,,,,,fair_line_only,overlay_only_until_weekly_engine_confirmation,WARPS v2.3 game prior
2026,3,LV@NO,2026-09-27,Sun,LV,NO,7.34,7.19,-1.8,1.8,0.5542,0.4458,-124,+124,,,,,,,,,,,,,,,,,,,,fair_line_only,overlay_only_until_weekly_engine_confirmation,WARPS v2.3 game prior
2026,3,MIN@TB,2026-09-27,Sun,MIN,TB,10.41,7.78,1.3,-1.3,0.4611,0.5389,+117,-117,,,,,,,,,,,,,,,,,,,,fair_line_only,overlay_only_until_weekly_engine_confirmation,WARPS v2.3 game prior
2026,3,NE@JAX,2026-09-27,Sun,NE,JAX,8.97,11.69,-5.4,5.4,0.6568,0.3432,-191,+191,,,,,,,,,,,,,,,,,,,,fair_line_only,overlay_only_until_weekly_engine_confirmation,WARPS v2.3 game prior
2026,3,NYJ@DET,2026-09-27,Sun,NYJ,DET,5.79,9.58,-6.7,6.7,0.6920,0.3080,-225,+225,,,,,,,,,,,,,,,,,,,,fair_line_only,overlay_only_until_weekly_engine_confirmation,WARPS v2.3 game prior
2026,3,PHI@CHI,2026-09-28,Mon,PHI,CHI,8.67,10.07,-3.7,3.7,0.6105,0.3895,-157,+157,,,,,,,,,,,,,,,,,,,,fair_line_only,overlay_only_until_weekly_engine_confirmation,WARPS v2.3 game prior
2026,3,SEA@WAS,2026-09-27,Sun,SEA,WAS,11.61,6.26,4.7,-4.7,0.3630,0.6370,+175,-175,,,,,,,,,,,,,,,,,,,,fair_line_only,overlay_only_until_weekly_engine_confirmation,WARPS v2.3 game prior
2026,3,TEN@NYG,2026-09-27,Sun,TEN,NYG,5.53,7.98,-5.0,5.0,0.6473,0.3527,-183,+183,,,,,,,,,,,,,,,,,,,,fair_line_only,overlay_only_until_weekly_engine_confirmation,WARPS v2.3 game prior
2026,4,ARI@NYG,2026-10-04,Sun,ARI,NYG,6.33,7.98,-4.0,4.0,0.6194,0.3806,-163,+163,,,,,,,,,,,,,,,,,,,,fair_line_only,overlay_only_until_weekly_engine_confirmation,WARPS v2.3 game prior
2026,4,ATL@NO,2026-10-05,Mon,ATL,NO,8.30,7.19,-0.6,0.6,0.5181,0.4819,-108,+108,,,,,,,,,,,,,,,,,,,,fair_line_only,overlay_only_until_weekly_engine_confirmation,WARPS v2.3 game prior
2026,4,DAL@HOU,2026-10-04,Sun,DAL,HOU,7.85,9.19,-3.7,3.7,0.6085,0.3915,-155,+155,,,,,,,,,,,,,,,,,,,,fair_line_only,overlay_only_until_weekly_engine_confirmation,WARPS v2.3 game prior
2026,4,DEN@SF,2026-10-04,Sun,DEN,SF,8.40,11.08,-5.3,5.3,0.6554,0.3446,-190,+190,,,,,,,,,,,,,,,,,,,,fair_line_only,overlay_only_until_weekly_engine_confirmation,WARPS v2.3 game prior
2026,4,DET@CAR,2026-10-04,Sun,DET,CAR,9.58,7.86,0.1,-0.1,0.4955,0.5045,+102,-102,,,,,,,,,,,,,,,,,,,,fair_line_only,overlay_only_until_weekly_engine_confirmation,WARPS v2.3 game prior
2026,4,GB@TB,2026-10-04,Sun,GB,TB,7.60,7.78,-2.2,2.2,0.5663,0.4337,-131,+131,,,,,,,,,,,,,,,,,,,,fair_line_only,overlay_only_until_weekly_engine_confirmation,WARPS v2.3 game prior
2026,4,IND@WAS,2026-10-04,Sun,IND,WAS,9.14,6.26,1.6,-1.6,0.4521,0.5479,+121,-121,,,,,,,,,,,,,,,,,,,,fair_line_only,overlay_only_until_weekly_engine_confirmation,WARPS v2.3 game prior
2026,4,JAX@CIN,2026-10-04,Sun,JAX,CIN,11.69,8.43,2.1,-2.1,0.4381,0.5619,+128,-128,,,,,,,,,,,,,,,,,,,,fair_line_only,overlay_only_until_weekly_engine_confirmation,WARPS v2.3 game prior
2026,4,KC@LV,2026-10-04,Sun,KC,LV,10.37,7.34,1.8,-1.8,0.4464,0.5536,+124,-124,,,,,,,,,,,,,,,,,,,,fair_line_only,overlay_only_until_weekly_engine_confirmation,WARPS v2.3 game prior
2026,4,LAC@SEA,2026-10-04,Sun,LAC,SEA,7.06,11.61,-7.7,7.7,0.7155,0.2845,-251,+251,,,,,,,,,,,,,,,,,,,,fair_line_only,overlay_only_until_weekly_engine_confirmation,WARPS v2.3 game prior
2026,4,LAR@PHI,2026-10-04,Sun,LAR,PHI,10.27,8.67,0.0,-0.0,0.5000,0.5000,+100,-100,,,,,,,,,,,,,,,,,,,,fair_line_only,overlay_only_until_weekly_engine_confirmation,WARPS v2.3 game prior
2026,4,MIA@MIN,2026-10-04,Sun,MIA,MIN,5.27,10.41,-8.4,8.4,0.7334,0.2666,-275,+275,,,,,,,,,,,,,,,,,,,,fair_line_only,overlay_only_until_weekly_engine_confirmation,WARPS v2.3 game prior
2026,4,NE@BUF,2026-10-04,Sun,NE,BUF,8.97,10.21,-3.5,3.5,0.6052,0.3948,-153,+153,,,,,,,,,,,,,,,,,,,,fair_line_only,overlay_only_until_weekly_engine_confirmation,WARPS v2.3 game prior
2026,4,NYJ@CHI,2026-10-04,Sun,NYJ,CHI,5.79,10.07,-7.3,7.3,0.7074,0.2926,-242,+242,,,,,,,,,,,,,,,,,,,,fair_line_only,overlay_only_until_weekly_engine_confirmation,WARPS v2.3 game prior
2026,4,PIT@CLE,2026-10-01,Thu,PIT,CLE,8.35,6.81,-0.1,0.1,0.5024,0.4976,-101,+101,,,,,,,,,,,,,,,,,,,,fair_line_only,overlay_only_until_weekly_engine_confirmation,WARPS v2.3 game prior
2026,4,TEN@BAL,2026-10-04,Sun,TEN,BAL,5.53,9.81,-7.3,7.3,0.7072,0.2928,-242,+242,,,,,,,,,,,,,,,,,,,,fair_line_only,overlay_only_until_weekly_engine_confirmation,WARPS v2.3 game prior
2026,5,BAL@ATL,2026-10-11,Sun,BAL,ATL,9.81,8.30,-0.1,0.1,0.5034,0.4966,-101,+101,-3.5,3.5,-160.0,160.0,43.5,-3.4,3.4,AWAY,BAL,3.4,0.6154,0.3846,0.0,-0.112,0.112,AWAY,BAL,0.112,0.2912,priced,overlay_only_until_weekly_engine_confirmation,WARPS v2.3 game prior + master sharp lines (update)
2026,5,BUF@LAR,2026-10-12,Mon,BUF,LAR,10.21,10.27,-2.1,2.1,0.5619,0.4381,-128,+128,-3.5,3.5,-160.0,160.0,54.5,-1.4,1.4,AWAY,BUF,1.4,0.6154,0.3846,0.0,-0.0535,0.0535,AWAY,BUF,0.0535,0.1391,priced,overlay_only_until_weekly_engine_confirmation,WARPS v2.3 game prior + master sharp lines (update)
2026,5,CHI@GB,2026-10-11,Sun,CHI,GB,10.07,7.60,1.1,-1.1,0.4673,0.5327,+114,-114,1.5,-1.5,111.0,-111.0,46.5,0.4,-0.4,HOME,GB,0.4,0.4739,0.5261,0.0,-0.0066,0.0066,AWAY,CHI,0.0066,0.0126,priced,overlay_only_until_weekly_engine_confirmation,WARPS v2.3 game prior + master sharp lines (update)
2026,5,CIN@MIA,2026-10-11,Sun,CIN,MIA,8.43,5.27,1.9,-1.9,0.4416,0.5584,+126,-126,6.5,-6.5,292.0,-292.0,42.5,4.6,-4.6,HOME,MIA,4.6,0.2551,0.7449,0.0,0.1865,-0.1865,HOME,MIA,0.1865,0.7311,priced,overlay_only_until_weekly_engine_confirmation,WARPS v2.3 game prior + master sharp lines (update)
2026,5,CLE@NYJ,2026-10-11,Sun,CLE,NYJ,6.81,5.79,-0.7,0.7,0.5215,0.4785,-109,+109,-2.5,2.5,-125.0,125.0,40.5,-1.8,1.8,AWAY,CLE,1.8,0.5556,0.4444,0.0,-0.0341,0.0341,AWAY,CLE,0.0341,0.0766,priced,overlay_only_until_weekly_engine_confirmation,WARPS v2.3 game prior + master sharp lines (update)
2026,5,DEN@LAC,2026-10-11,Sun,DEN,LAC,8.40,7.06,-0.3,0.3,0.5099,0.4901,-104,+104,3.5,-3.5,167.0,-167.0,42.5,3.8,-3.8,HOME,LAC,3.8,0.3745,0.6255,0.0,0.1354,-0.1354,HOME,LAC,0.1354,0.3614,priced,overlay_only_until_weekly_engine_confirmation,WARPS v2.3 game prior + master sharp lines (update)
2026,5,DET@ARI,2026-10-11,Sun,DET,ARI,9.58,6.33,2.1,-2.1,0.4384,0.5616,+128,-128,5.5,-5.5,228.0,-228.0,54.5,3.4,-3.4,HOME,ARI,3.4,0.3049,0.6951,0.0,0.1335,-0.1335,HOME,ARI,0.1335,0.438,priced,overlay_only_until_weekly_engine_confirmation,WARPS v2.3 game prior + master sharp lines (update)
2026,5,HOU@TEN,2026-10-11,Sun,HOU,TEN,9.19,5.53,2.6,-2.6,0.4236,0.5764,+136,-136,7.5,-7.5,344.0,-335.0,38.5,4.9,-4.9,HOME,TEN,4.9,0.2263,0.7737,-0.0047,0.1973,-0.1973,HOME,TEN,0.1973,0.8808,priced,overlay_only_until_weekly_engine_confirmation,WARPS v2.3 game prior + master sharp lines (update)
2026,5,IND@PIT,2026-10-11,Sun,IND,PIT,9.14,8.35,-1.0,1.0,0.5301,0.4699,-113,+113,-2.5,2.5,-135.0,135.0,44.5,-1.5,1.5,AWAY,IND,1.5,0.5745,0.4255,0.0,-0.0444,0.0444,AWAY,IND,0.0444,0.1043,priced,overlay_only_until_weekly_engine_confirmation,WARPS v2.3 game prior + master sharp lines (update)
2026,5,LV@NE,2026-10-11,Sun,LV,NE,7.34,8.97,-4.0,4.0,0.6188,0.3812,-162,+162,-3.5,3.5,-167.0,167.0,45.5,0.5,-0.5,HOME,NE,0.5,0.6255,0.3745,0.0,-0.0067,0.0067,AWAY,LV,0.0067,0.0178,priced,overlay_only_until_weekly_engine_confirmation,WARPS v2.3 game prior + master sharp lines (update)
2026,5,MIN@NO,2026-10-11,Sun,MIN,NO,10.41,7.19,2.0,-2.0,0.4393,0.5607,+128,-128,2.5,-2.5,125.0,-125.0,41.5,0.5,-0.5,HOME,NO,0.5,0.4444,0.5556,0.0,-0.0051,0.0051,AWAY,MIN,0.0051,0.0093,priced,overlay_only_until_weekly_engine_confirmation,WARPS v2.3 game prior + master sharp lines (update)
2026,5,NYG@WAS,2026-10-11,Sun,NYG,WAS,7.98,6.26,0.1,-0.1,0.4956,0.5044,+102,-102,-3.5,3.5,-174.0,174.0,42.5,-3.6,3.6,AWAY,NYG,3.6,0.635,0.365,0.0,-0.1394,0.1394,AWAY,NYG,0.1394,0.3821,priced,overlay_only_until_weekly_engine_confirmation,WARPS v2.3 game prior + master sharp lines (update)
2026,5,PHI@JAX,2026-10-11,Sun,PHI,JAX,8.67,11.69,-5.8,5.8,0.6666,0.3334,-200,+200,-7.5,7.5,-326.0,326.0,42.5,-1.7,1.7,AWAY,PHI,1.7,0.7653,0.2347,0.0,-0.0987,0.0987,AWAY,PHI,0.0987,0.4203,priced,overlay_only_until_weekly_engine_confirmation,WARPS v2.3 game prior + master sharp lines (update)
2026,5,SF@SEA,2026-10-11,Sun,SF,SEA,11.08,11.61,-2.6,2.6,0.5791,0.4209,-138,+138,-3.5,3.5,-160.0,160.0,46.5,-0.9,0.9,AWAY,SF,0.9,0.6154,0.3846,0.0,-0.0363,0.0363,AWAY,SF,0.0363,0.0943,priced,overlay_only_until_weekly_engine_confirmation,WARPS v2.3 game prior + master sharp lines (update)
2026,5,TB@DAL,2026-10-08,Thu,TB,DAL,7.78,7.85,-2.1,2.1,0.5623,0.4377,-128,+128,-9.5,9.5,-413.0,413.0,48.5,-7.4,7.4,AWAY,TB,7.4,0.8051,0.1949,0.0,-0.2428,0.2428,AWAY,TB,0.2428,1.2454,priced,overlay_only_until_weekly_engine_confirmation,WARPS v2.3 game prior + master sharp lines (update)
2026,6,ARI@LAR,2026-10-18,Sun,ARI,LAR,6.33,10.27,-6.9,6.9,0.6966,0.3034,-230,+230,-10.5,10.5,-625.0,455.0,51.5,-3.6,-3.6,AWAY,ARI,3.6,0.8271,0.1729,0.0422,-0.1305,0.1305,AWAY,ARI,0.1305,0.6836,priced,overlay_only_until_weekly_engine_confirmation,WARPS v2.3 game prior + supplied current odds
2026,6,BAL@CLE,2026-10-18,Sun,BAL,CLE,9.81,6.81,1.7,-1.7,0.4477,0.5523,+123,-123,2.5,-2.5,130.0,-155.0,40.5,0.76,0.76,HOME,CLE,0.76,0.417,0.583,0.0426,0.0307,-0.0307,HOME,CLE,0.0307,0.0296,priced,overlay_only_until_weekly_engine_confirmation,WARPS v2.3 game prior + supplied current odds
2026,6,BUF@LV,2026-10-18,Sun,BUF,LV,10.21,7.34,1.6,-1.6,0.4522,0.5478,+121,-121,4.5,-4.5,190.0,-230.0,51.5,2.91,2.91,HOME,LV,2.91,0.331,0.669,0.0418,0.1212,-0.1212,HOME,LV,0.1212,0.3113,priced,overlay_only_until_weekly_engine_confirmation,WARPS v2.3 game prior + supplied current odds
2026,6,CAR@PHI,2026-10-18,Sun,CAR,PHI,7.86,8.67,-3.0,3.0,0.5894,0.4106,-144,+144,-2.5,2.5,-125.0,105.0,43.5,0.5,0.5,HOME,PHI,0.5,0.5325,0.4675,0.0434,0.0569,-0.0569,HOME,PHI,0.0569,0.061,priced,overlay_only_until_weekly_engine_confirmation,WARPS v2.3 game prior + supplied current odds
2026,6,CHI@ATL,2026-10-18,Sun,CHI,ATL,10.07,8.30,0.2,-0.2,0.4937,0.5063,+103,-103,1.5,-1.5,105.0,-125.0,47.5,1.29,1.29,HOME,ATL,1.29,0.4675,0.5325,0.0434,0.0262,-0.0262,HOME,ATL,0.0262,0.0122,priced,overlay_only_until_weekly_engine_confirmation,WARPS v2.3 game prior + supplied current odds
2026,6,DAL@GB,2026-10-18,Sun,DAL,GB,7.85,7.60,-1.7,1.7,0.5505,0.4495,-122,+122,2.5,-2.5,120.0,-142.0,50.5,4.18,4.18,HOME,GB,4.18,0.4365,0.5635,0.0413,0.114,-0.114,HOME,GB,0.114,0.211,priced,overlay_only_until_weekly_engine_confirmation,WARPS v2.3 game prior + supplied current odds
2026,6,HOU@JAX,2026-10-18,Sun,HOU,JAX,9.19,11.69,-5.1,5.1,0.6493,0.3507,-185,+185,-3.0,3.0,-175.0,145.0,43.5,2.11,2.11,HOME,JAX,2.11,0.6092,0.3908,0.0445,0.0401,-0.0401,HOME,JAX,0.0401,0.0204,priced,overlay_only_until_weekly_engine_confirmation,WARPS v2.3 game prior + supplied current odds
2026,6,LAC@KC,2026-10-18,Sun,LAC,KC,7.06,10.37,-6.1,6.1,0.6761,0.3239,-209,+209,-7.5,7.5,-380.0,300.0,45.5,-1.39,-1.39,AWAY,LAC,1.39,0.76,0.24,0.0417,-0.0839,0.0839,AWAY,LAC,0.0839,0.2955,priced,overlay_only_until_weekly_engine_confirmation,WARPS v2.3 game prior + supplied current odds
2026,6,NO@NYG,2026-10-18,Sun,NO,NYG,7.19,7.98,-3.0,3.0,0.5887,0.4113,-143,+143,1.5,-1.5,-102.0,-118.0,45.5,4.48,4.48,HOME,NYG,4.48,0.4826,0.5174,0.0462,0.1061,-0.1061,HOME,NYG,0.1061,0.1659,priced,overlay_only_until_weekly_engine_confirmation,WARPS v2.3 game prior + supplied current odds
2026,6,NYJ@NE,2026-10-18,Sun,NYJ,NE,5.79,8.97,-6.0,6.0,0.6719,0.3281,-205,+205,-7.0,7.0,-340.0,270.0,43.5,-1.05,-1.05,AWAY,NYJ,1.05,0.7409,0.2591,0.043,-0.069,0.069,AWAY,NYJ,0.069,0.2138,priced,overlay_only_until_weekly_engine_confirmation,WARPS v2.3 game prior + supplied current odds
2026,6,PIT@TB,2026-10-18,Sun,PIT,TB,8.35,7.78,-1.3,1.3,0.5385,0.4615,-117,+117,3.0,-3.0,130.0,-155.0,39.5,4.28,4.28,HOME,TB,4.28,0.417,0.583,0.0426,0.1215,-0.1215,HOME,TB,0.1215,0.2386,priced,overlay_only_until_weekly_engine_confirmation,WARPS v2.3 game prior + supplied current odds
2026,6,SEA@DEN,2026-10-15,Thu,SEA,DEN,11.61,8.40,2.0,-2.0,0.4398,0.5602,+127,-127,1.5,-1.5,105.0,-125.0,42.5,-0.51,-0.51,AWAY,SEA,0.51,0.4675,0.5325,0.0434,-0.0277,0.0277,AWAY,SEA,0.0277,0.0083,priced,overlay_only_until_weekly_engine_confirmation,WARPS v2.3 game prior + supplied current odds
2026,6,TEN@IND,2026-10-18,Sun,TEN,IND,5.53,9.14,-6.5,6.5,0.6860,0.3140,-218,+218,-6.5,6.5,-310.0,250.0,44.5,-0.01,-0.01,AWAY,TEN,0.01,0.7258,0.2742,0.0418,-0.0398,0.0398,AWAY,TEN,0.0398,0.099,priced,overlay_only_until_weekly_engine_confirmation,WARPS v2.3 game prior + supplied current odds
2026,6,WAS@SF,2026-10-19,Mon,WAS,SF,6.26,11.08,-8.0,8.0,0.7238,0.2762,-262,+262,-7.5,7.5,-410.0,320.0,50.5,0.5,0.5,HOME,SF,0.5,0.7715,0.2285,0.042,-0.0477,0.0477,AWAY,WAS,0.0477,0.1601,priced,overlay_only_until_weekly_engine_confirmation,WARPS v2.3 game prior + supplied current odds
2026,7,CIN@BAL,2026-10-25,Sun,CIN,BAL,8.43,9.81,-3.7,3.7,0.6099,0.3901,-156,+156,,,,,,,,,,,,,,,,,,,,fair_line_only,overlay_only_until_weekly_engine_confirmation,WARPS v2.3 game prior
2026,7,CLE@TEN,2026-10-25,Sun,CLE,TEN,6.81,5.53,-0.4,0.4,0.5120,0.4880,-105,+105,,,,,,,,,,,,,,,,,,,,fair_line_only,overlay_only_until_weekly_engine_confirmation,WARPS v2.3 game prior
2026,7,DAL@PHI,2026-10-26,Mon,DAL,PHI,7.85,8.67,-3.0,3.0,0.5900,0.4100,-144,+144,,,,,,,,,,,,,,,,,,,,fair_line_only,overlay_only_until_weekly_engine_confirmation,WARPS v2.3 game prior
2026,7,DEN@ARI,2026-10-25,Sun,DEN,ARI,8.40,6.33,0.6,-0.6,0.4825,0.5175,+107,-107,,,,,,,,,,,,,,,,,,,,fair_line_only,overlay_only_until_weekly_engine_confirmation,WARPS v2.3 game prior
2026,7,GB@DET,2026-10-25,Sun,GB,DET,7.60,9.58,-4.5,4.5,0.6313,0.3687,-171,+171,,,,,,,,,,,,,,,,,,,,fair_line_only,overlay_only_until_weekly_engine_confirmation,WARPS v2.3 game prior
2026,7,IND@MIN,2026-10-25,Sun,IND,MIN,9.14,10.41,-3.6,3.6,0.6061,0.3939,-154,+154,,,,,,,,,,,,,,,,,,,,fair_line_only,overlay_only_until_weekly_engine_confirmation,WARPS v2.3 game prior
2026,7,KC@SEA,2026-10-25,Sun,KC,SEA,10.37,11.61,-3.5,3.5,0.6050,0.3950,-153,+153,,,,,,,,,,,,,,,,,,,,fair_line_only,overlay_only_until_weekly_engine_confirmation,WARPS v2.3 game prior
2026,7,LAR@LV,2026-10-25,Sun,LAR,LV,10.27,7.34,1.7,-1.7,0.4500,0.5500,+122,-122,,,,,,,,,,,,,,,,,,,,fair_line_only,overlay_only_until_weekly_engine_confirmation,WARPS v2.3 game prior
2026,7,MIA@NYJ,2026-10-25,Sun,MIA,NYJ,5.27,5.79,-2.6,2.6,0.5788,0.4212,-137,+137,,,,,,,,,,,,,,,,,,,,fair_line_only,overlay_only_until_weekly_engine_confirmation,WARPS v2.3 game prior
2026,7,NE@CHI,2026-10-22,Thu,NE,CHI,8.97,10.07,-3.4,3.4,0.6000,0.4000,-150,+150,,,,,,,,,,,,,,,,,,,,fair_line_only,overlay_only_until_weekly_engine_confirmation,WARPS v2.3 game prior
2026,7,NYG@HOU,2026-10-25,Sun,NYG,HOU,7.98,9.19,-3.5,3.5,0.6037,0.3963,-152,+152,,,,,,,,,,,,,,,,,,,,fair_line_only,overlay_only_until_weekly_engine_confirmation,WARPS v2.3 game prior
2026,7,PIT@NO,2026-10-25,Sun,PIT,NO,8.35,7.19,-0.5,0.5,0.5165,0.4835,-107,+107,,,,,,,,,,,,,,,,,,,,fair_line_only,overlay_only_until_weekly_engine_confirmation,WARPS v2.3 game prior
2026,7,SF@ATL,2026-10-25,Sun,SF,ATL,11.08,8.30,1.5,-1.5,0.4558,0.5442,+119,-119,,,,,,,,,,,,,,,,,,,,fair_line_only,overlay_only_until_weekly_engine_confirmation,WARPS v2.3 game prior
2026,7,TB@CAR,2026-10-25,Sun,TB,CAR,7.78,7.86,-2.1,2.1,0.5629,0.4371,-129,+129,,,,,,,,,,,,,,,,,,,,fair_line_only,overlay_only_until_weekly_engine_confirmation,WARPS v2.3 game prior
2026,8,ARI@DAL,2026-11-01,Sun,ARI,DAL,6.33,7.85,-3.9,3.9,0.6147,0.3853,-160,+160,,,,,,,,,,,,,,,,,,,,fair_line_only,overlay_only_until_weekly_engine_confirmation,WARPS v2.3 game prior
2026,8,ATL@TB,2026-11-01,Sun,ATL,TB,8.30,7.78,-1.3,1.3,0.5401,0.4599,-117,+117,,,,,,,,,,,,,,,,,,,,fair_line_only,overlay_only_until_weekly_engine_confirmation,WARPS v2.3 game prior
2026,8,BAL@BUF,2026-11-01,Sun,BAL,BUF,9.81,10.21,-2.5,2.5,0.5745,0.4255,-135,+135,,,,,,,,,,,,,,,,,,,,fair_line_only,overlay_only_until_weekly_engine_confirmation,WARPS v2.3 game prior
2026,8,CAR@GB,2026-10-29,Thu,CAR,GB,7.86,7.60,-1.7,1.7,0.5499,0.4501,-122,+122,,,,,,,,,,,,,,,,,,,,fair_line_only,overlay_only_until_weekly_engine_confirmation,WARPS v2.3 game prior
2026,8,CHI@SEA,2026-11-02,Mon,CHI,SEA,10.07,11.61,-3.9,3.9,0.6156,0.3844,-160,+160,,,,,,,,,,,,,,,,,,,,fair_line_only,overlay_only_until_weekly_engine_confirmation,WARPS v2.3 game prior
2026,8,CLE@PIT,2026-11-01,Sun,CLE,PIT,6.81,8.35,-3.9,3.9,0.6155,0.3845,-160,+160,,,,,,,,,,,,,,,,,,,,fair_line_only,overlay_only_until_weekly_engine_confirmation,WARPS v2.3 game prior
2026,8,IND@JAX,2026-11-01,Sun,IND,JAX,9.14,11.69,-5.2,5.2,0.6508,0.3492,-186,+186,,,,,,,,,,,,,,,,,,,,fair_line_only,overlay_only_until_weekly_engine_confirmation,WARPS v2.3 game prior
2026,8,KC@DEN,2026-11-01,Sun,KC,DEN,10.37,8.40,0.5,-0.5,0.4861,0.5139,+106,-106,,,,,,,,,,,,,,,,,,,,fair_line_only,overlay_only_until_weekly_engine_confirmation,WARPS v2.3 game prior
2026,8,LAC@LAR,2026-11-01,Sun,LAC,LAR,7.06,10.27,-6.0,6.0,0.6730,0.3270,-206,+206,,,,,,,,,,,,,,,,,,,,fair_line_only,overlay_only_until_weekly_engine_confirmation,WARPS v2.3 game prior
2026,8,LV@NYJ,2026-11-01,Sun,LV,NYJ,7.34,5.79,-0.1,0.1,0.5019,0.4981,-101,+101,,,,,,,,,,,,,,,,,,,,fair_line_only,overlay_only_until_weekly_engine_confirmation,WARPS v2.3 game prior
2026,8,MIN@DET,2026-11-01,Sun,MIN,DET,10.41,9.58,-1.0,1.0,0.5288,0.4712,-112,+112,,,,,,,,,,,,,,,,,,,,fair_line_only,overlay_only_until_weekly_engine_confirmation,WARPS v2.3 game prior
2026,8,NE@MIA,2026-11-01,Sun,NE,MIA,8.97,5.27,2.6,-2.6,0.4220,0.5780,+137,-137,,,,,,,,,,,,,,,,,,,,fair_line_only,overlay_only_until_weekly_engine_confirmation,WARPS v2.3 game prior
2026,8,PHI@WAS,2026-11-01,Sun,PHI,WAS,8.67,6.26,1.0,-1.0,0.4696,0.5304,+113,-113,,,,,,,,,,,,,,,,,,,,fair_line_only,overlay_only_until_weekly_engine_confirmation,WARPS v2.3 game prior
2026,8,TEN@CIN,2026-11-01,Sun,TEN,CIN,5.53,8.43,-5.6,5.6,0.6627,0.3373,-196,+196,,,,,,,,,,,,,,,,,,,,fair_line_only,overlay_only_until_weekly_engine_confirmation,WARPS v2.3 game prior
2026,9,ARI@SEA,2026-11-08,Sun,ARI,SEA,6.33,11.61,-8.6,8.6,0.7373,0.2627,-281,+281,,,,,,,,,,,,,,,,,,,,fair_line_only,overlay_only_until_weekly_engine_confirmation,WARPS v2.3 game prior
2026,9,BUF@MIN,2026-11-09,Mon,BUF,MIN,10.21,10.41,-2.2,2.2,0.5671,0.4329,-131,+131,,,,,,,,,,,,,,,,,,,,fair_line_only,overlay_only_until_weekly_engine_confirmation,WARPS v2.3 game prior
2026,9,CIN@ATL,2026-11-08,Sun,CIN,ATL,8.43,8.30,-1.8,1.8,0.5549,0.4451,-125,+125,,,,,,,,,,,,,,,,,,,,fair_line_only,overlay_only_until_weekly_engine_confirmation,WARPS v2.3 game prior
2026,9,CLE@NO,2026-11-08,Sun,CLE,NO,6.81,7.19,-2.5,2.5,0.5736,0.4264,-134,+134,,,,,,,,,,,,,,,,,,,,fair_line_only,overlay_only_until_weekly_engine_confirmation,WARPS v2.3 game prior
2026,9,DAL@IND,2026-11-08,Sun,DAL,IND,7.85,9.14,-3.6,3.6,0.6069,0.3931,-154,+154,,,,,,,,,,,,,,,,,,,,fair_line_only,overlay_only_until_weekly_engine_confirmation,WARPS v2.3 game prior
2026,9,DEN@CAR,2026-11-08,Sun,DEN,CAR,8.40,7.86,-1.3,1.3,0.5398,0.4602,-117,+117,,,,,,,,,,,,,,,,,,,,fair_line_only,overlay_only_until_weekly_engine_confirmation,WARPS v2.3 game prior
2026,9,DET@MIA,2026-11-08,Sun,DET,MIA,9.58,5.27,3.4,-3.4,0.3996,0.6004,+150,-150,,,,,,,,,,,,,,,,,,,,fair_line_only,overlay_only_until_weekly_engine_confirmation,WARPS v2.3 game prior
2026,9,GB@NE,2026-11-08,Sun,GB,NE,7.60,8.97,-3.7,3.7,0.6095,0.3905,-156,+156,,,,,,,,,,,,,,,,,,,,fair_line_only,overlay_only_until_weekly_engine_confirmation,WARPS v2.3 game prior
2026,9,HOU@LAC,2026-11-08,Sun,HOU,LAC,9.19,7.06,0.7,-0.7,0.4804,0.5196,+108,-108,,,,,,,,,,,,,,,,,,,,fair_line_only,overlay_only_until_weekly_engine_confirmation,WARPS v2.3 game prior
2026,9,JAX@BAL,2026-11-05,Thu,JAX,BAL,11.69,9.81,0.4,-0.4,0.4895,0.5105,+104,-104,,,,,,,,,,,,,,,,,,,,fair_line_only,overlay_only_until_weekly_engine_confirmation,WARPS v2.3 game prior
2026,9,LAR@WAS,2026-11-08,Sun,LAR,WAS,10.27,6.26,3.0,-3.0,0.4105,0.5895,+144,-144,,,,,,,,,,,,,,,,,,,,fair_line_only,overlay_only_until_weekly_engine_confirmation,WARPS v2.3 game prior
2026,9,LV@SF,2026-11-08,Sun,LV,SF,7.34,11.08,-6.7,6.7,0.6905,0.3095,-223,+223,,,,,,,,,,,,,,,,,,,,fair_line_only,overlay_only_until_weekly_engine_confirmation,WARPS v2.3 game prior
2026,9,NYG@PHI,2026-11-08,Sun,NYG,PHI,7.98,8.67,-2.9,2.9,0.5852,0.4148,-141,+141,,,,,,,,,,,,,,,,,,,,fair_line_only,overlay_only_until_weekly_engine_confirmation,WARPS v2.3 game prior
2026,9,NYJ@KC,2026-11-08,Sun,NYJ,KC,5.79,10.37,-7.7,7.7,0.7166,0.2834,-253,+253,,,,,,,,,,,,,,,,,,,,fair_line_only,overlay_only_until_weekly_engine_confirmation,WARPS v2.3 game prior
2026,9,TB@CHI,2026-11-08,Sun,TB,CHI,7.78,10.07,-4.8,4.8,0.6420,0.3580,-179,+179,,,,,,,,,,,,,,,,,,,,fair_line_only,overlay_only_until_weekly_engine_confirmation,WARPS v2.3 game prior
2026,10,BUF@NYJ,2026-11-15,Sun,BUF,NYJ,10.21,5.79,3.5,-3.5,0.3955,0.6045,+153,-153,,,,,,,,,,,,,,,,,,,,fair_line_only,overlay_only_until_weekly_engine_confirmation,WARPS v2.3 game prior
2026,10,CAR@NO,2026-11-15,Sun,CAR,NO,7.86,7.19,-1.2,1.2,0.5346,0.4654,-115,+115,,,,,,,,,,,,,,,,,,,,fair_line_only,overlay_only_until_weekly_engine_confirmation,WARPS v2.3 game prior
2026,10,HOU@CLE,2026-11-15,Sun,HOU,CLE,9.19,6.81,1.0,-1.0,0.4710,0.5290,+112,-112,,,,,,,,,,,,,,,,,,,,fair_line_only,overlay_only_until_weekly_engine_confirmation,WARPS v2.3 game prior
2026,10,JAX@TEN,2026-11-15,Sun,JAX,TEN,11.69,5.53,5.7,-5.7,0.3353,0.6647,+198,-198,,,,,,,,,,,,,,,,,,,,fair_line_only,overlay_only_until_weekly_engine_confirmation,WARPS v2.3 game prior
2026,10,KC@ATL,2026-11-15,Sun,KC,ATL,10.37,8.30,0.6,-0.6,0.4825,0.5175,+107,-107,,,,,,,,,,,,,,,,,,,,fair_line_only,overlay_only_until_weekly_engine_confirmation,WARPS v2.3 game prior
2026,10,LAC@BAL,2026-11-16,Mon,LAC,BAL,7.06,9.81,-5.4,5.4,0.6576,0.3424,-192,+192,,,,,,,,,,,,,,,,,,,,fair_line_only,overlay_only_until_weekly_engine_confirmation,WARPS v2.3 game prior
2026,10,LAR@ARI,2026-11-15,Sun,LAR,ARI,10.27,6.33,2.9,-2.9,0.4131,0.5869,+142,-142,,,,,,,,,,,,,,,,,,,,fair_line_only,overlay_only_until_weekly_engine_confirmation,WARPS v2.3 game prior
2026,10,MIA@IND,2026-11-15,Sun,MIA,IND,5.27,9.14,-6.8,6.8,0.6945,0.3055,-227,+227,,,,,,,,,,,,,,,,,,,,fair_line_only,overlay_only_until_weekly_engine_confirmation,WARPS v2.3 game prior
2026,10,MIN@GB,2026-11-15,Sun,MIN,GB,10.41,7.60,1.5,-1.5,0.4545,0.5455,+120,-120,,,,,,,,,,,,,,,,,,,,fair_line_only,overlay_only_until_weekly_engine_confirmation,WARPS v2.3 game prior
2026,10,NE@DET,2026-11-15,Sun,NE,DET,8.97,9.58,-2.8,2.8,0.5824,0.4176,-139,+139,,,,,,,,,,,,,,,,,,,,fair_line_only,overlay_only_until_weekly_engine_confirmation,WARPS v2.3 game prior
2026,10,PIT@CIN,2026-11-15,Sun,PIT,CIN,8.35,8.43,-2.1,2.1,0.5629,0.4371,-129,+129,,,,,,,,,,,,,,,,,,,,fair_line_only,overlay_only_until_weekly_engine_confirmation,WARPS v2.3 game prior
2026,10,SEA@LV,2026-11-15,Sun,SEA,LV,11.61,7.34,3.3,-3.3,0.4010,0.5990,+149,-149,,,,,,,,,,,,,,,,,,,,fair_line_only,overlay_only_until_weekly_engine_confirmation,WARPS v2.3 game prior
2026,10,SF@DAL,2026-11-15,Sun,SF,DAL,11.08,7.85,2.0,-2.0,0.4389,0.5611,+128,-128,,,,,,,,,,,,,,,,,,,,fair_line_only,overlay_only_until_weekly_engine_confirmation,WARPS v2.3 game prior
2026,10,WAS@NYG,2026-11-12,Thu,WAS,NYG,6.26,7.98,-4.1,4.1,0.6219,0.3781,-164,+164,,,,,,,,,,,,,,,,,,,,fair_line_only,overlay_only_until_weekly_engine_confirmation,WARPS v2.3 game prior
2026,11,ARI@KC,2026-11-22,Sun,ARI,KC,6.33,10.37,-7.0,7.0,0.6997,0.3003,-233,+233,,,,,,,,,,,,,,,,,,,,fair_line_only,overlay_only_until_weekly_engine_confirmation,WARPS v2.3 game prior
2026,11,BAL@CAR,2026-11-22,Sun,BAL,CAR,9.81,7.86,0.4,-0.4,0.4869,0.5131,+105,-105,,,,,,,,,,,,,,,,,,,,fair_line_only,overlay_only_until_weekly_engine_confirmation,WARPS v2.3 game prior
2026,11,CIN@WAS,2026-11-23,Mon,CIN,WAS,8.43,6.26,0.7,-0.7,0.4786,0.5214,+109,-109,,,,,,,,,,,,,,,,,,,,fair_line_only,overlay_only_until_weekly_engine_confirmation,WARPS v2.3 game prior
2026,11,IND@HOU,2026-11-19,Thu,IND,HOU,9.14,9.19,-2.0,2.0,0.5613,0.4387,-128,+128,,,,,,,,,,,,,,,,,,,,fair_line_only,overlay_only_until_weekly_engine_confirmation,WARPS v2.3 game prior
2026,11,JAX@NYG,2026-11-22,Sun,JAX,NYG,11.69,7.98,2.6,-2.6,0.4214,0.5786,+137,-137,,,,,,,,,,,,,,,,,,,,fair_line_only,overlay_only_until_weekly_engine_confirmation,WARPS v2.3 game prior
2026,11,LV@DEN,2026-11-22,Sun,LV,DEN,7.34,8.40,-3.3,3.3,0.5985,0.4015,-149,+149,,,,,,,,,,,,,,,,,,,,fair_line_only,overlay_only_until_weekly_engine_confirmation,WARPS v2.3 game prior
2026,11,MIA@BUF,2026-11-22,Sun,MIA,BUF,5.27,10.21,-8.2,8.2,0.7275,0.2725,-267,+267,,,,,,,,,,,,,,,,,,,,fair_line_only,overlay_only_until_weekly_engine_confirmation,WARPS v2.3 game prior
2026,11,MIN@SF,2026-11-22,Sun,MIN,SF,10.41,11.08,-2.8,2.8,0.5843,0.4157,-141,+141,,,,,,,,,,,,,,,,,,,,fair_line_only,overlay_only_until_weekly_engine_confirmation,WARPS v2.3 game prior
2026,11,NO@CHI,2026-11-22,Sun,NO,CHI,7.19,10.07,-5.6,5.6,0.6620,0.3380,-196,+196,,,,,,,,,,,,,,,,,,,,fair_line_only,overlay_only_until_weekly_engine_confirmation,WARPS v2.3 game prior
2026,11,NYJ@LAC,2026-11-22,Sun,NYJ,LAC,5.79,7.06,-3.6,3.6,0.6062,0.3938,-154,+154,,,,,,,,,,,,,,,,,,,,fair_line_only,overlay_only_until_weekly_engine_confirmation,WARPS v2.3 game prior
2026,11,PIT@PHI,2026-11-22,Sun,PIT,PHI,8.35,8.67,-2.4,2.4,0.5718,0.4282,-134,+134,,,,,,,,,,,,,,,,,,,,fair_line_only,overlay_only_until_weekly_engine_confirmation,WARPS v2.3 game prior
2026,11,TB@DET,2026-11-22,Sun,TB,DET,7.78,9.58,-4.2,4.2,0.6250,0.3750,-167,+167,,,,,,,,,,,,,,,,,,,,fair_line_only,overlay_only_until_weekly_engine_confirmation,WARPS v2.3 game prior
2026,11,TEN@DAL,2026-11-22,Sun,TEN,DAL,5.53,7.85,-4.9,4.9,0.6427,0.3573,-180,+180,,,,,,,,,,,,,,,,,,,,fair_line_only,overlay_only_until_weekly_engine_confirmation,WARPS v2.3 game prior
2026,12,ATL@MIN,2026-11-29,Sun,ATL,MIN,8.30,10.41,-4.6,4.6,0.6357,0.3643,-174,+174,,,,,,,,,,,,,,,,,,,,fair_line_only,overlay_only_until_weekly_engine_confirmation,WARPS v2.3 game prior
2026,12,BAL@HOU,2026-11-29,Sun,BAL,HOU,9.81,9.19,-1.2,1.2,0.5365,0.4635,-116,+116,,,,,,,,,,,,,,,,,,,,fair_line_only,overlay_only_until_weekly_engine_confirmation,WARPS v2.3 game prior
2026,12,CAR@TB,2026-11-30,Mon,CAR,TB,7.86,7.78,-1.9,1.9,0.5565,0.4435,-125,+125,,,,,,,,,,,,,,,,,,,,fair_line_only,overlay_only_until_weekly_engine_confirmation,WARPS v2.3 game prior
2026,12,CHI@DET,2026-11-26,Thu,CHI,DET,10.07,9.58,-1.4,1.4,0.5416,0.4584,-118,+118,,,,,,,,,,,,,,,,,,,,fair_line_only,overlay_only_until_weekly_engine_confirmation,WARPS v2.3 game prior
2026,12,DEN@PIT,2026-11-27,Fri,DEN,PIT,8.40,8.35,-1.9,1.9,0.5578,0.4422,-126,+126,,,,,,,,,,,,,,,,,,,,fair_line_only,overlay_only_until_weekly_engine_confirmation,WARPS v2.3 game prior
2026,12,GB@LAR,2026-11-25,Wed,GB,LAR,7.60,10.27,-5.3,5.3,0.6551,0.3449,-190,+190,,,,,,,,,,,,,,,,,,,,fair_line_only,overlay_only_until_weekly_engine_confirmation,WARPS v2.3 game prior
2026,12,KC@BUF,2026-11-26,Thu,KC,BUF,10.37,10.21,-1.8,1.8,0.5540,0.4460,-124,+124,,,,,,,,,,,,,,,,,,,,fair_line_only,overlay_only_until_weekly_engine_confirmation,WARPS v2.3 game prior
2026,12,LV@CLE,2026-11-29,Sun,LV,CLE,7.34,6.81,-1.3,1.3,0.5403,0.4597,-118,+118,,,,,,,,,,,,,,,,,,,,fair_line_only,overlay_only_until_weekly_engine_confirmation,WARPS v2.3 game prior
2026,12,NE@LAC,2026-11-29,Sun,NE,LAC,8.97,7.06,0.4,-0.4,0.4886,0.5114,+105,-105,,,,,,,,,,,,,,,,,,,,fair_line_only,overlay_only_until_weekly_engine_confirmation,WARPS v2.3 game prior
2026,12,NO@CIN,2026-11-29,Sun,NO,CIN,7.19,8.43,-3.5,3.5,0.6051,0.3949,-153,+153,,,,,,,,,,,,,,,,,,,,fair_line_only,overlay_only_until_weekly_engine_confirmation,WARPS v2.3 game prior
2026,12,NYG@IND,2026-11-29,Sun,NYG,IND,7.98,9.14,-3.4,3.4,0.6022,0.3978,-151,+151,,,,,,,,,,,,,,,,,,,,fair_line_only,overlay_only_until_weekly_engine_confirmation,WARPS v2.3 game prior
2026,12,NYJ@MIA,2026-11-29,Sun,NYJ,MIA,5.79,5.27,-1.3,1.3,0.5405,0.4595,-118,+118,,,,,,,,,,,,,,,,,,,,fair_line_only,overlay_only_until_weekly_engine_confirmation,WARPS v2.3 game prior
2026,12,PHI@DAL,2026-11-26,Thu,PHI,DAL,8.67,7.85,-1.0,1.0,0.5290,0.4710,-112,+112,,,,,,,,,,,,,,,,,,,,fair_line_only,overlay_only_until_weekly_engine_confirmation,WARPS v2.3 game prior
2026,12,SEA@SF,2026-11-29,Sun,SEA,SF,11.61,11.08,-1.3,1.3,0.5402,0.4598,-117,+117,,,,,,,,,,,,,,,,,,,,fair_line_only,overlay_only_until_weekly_engine_confirmation,WARPS v2.3 game prior
2026,12,TEN@JAX,2026-11-29,Sun,TEN,JAX,5.53,11.69,-9.7,9.7,0.7621,0.2379,-320,+320,,,,,,,,,,,,,,,,,,,,fair_line_only,overlay_only_until_weekly_engine_confirmation,WARPS v2.3 game prior
2026,12,WAS@ARI,2026-11-29,Sun,WAS,ARI,6.26,6.33,-2.1,2.1,0.5623,0.4377,-128,+128,,,,,,,,,,,,,,,,,,,,fair_line_only,overlay_only_until_weekly_engine_confirmation,WARPS v2.3 game prior
2026,13,BUF@NE,2026-12-06,Sun,BUF,NE,10.21,8.97,-0.4,0.4,0.5132,0.4868,-105,+105,,,,,,,,,,,,,,,,,,,,fair_line_only,overlay_only_until_weekly_engine_confirmation,WARPS v2.3 game prior
2026,13,CAR@MIN,2026-12-06,Sun,CAR,MIN,7.86,10.41,-5.2,5.2,0.6508,0.3492,-186,+186,,,,,,,,,,,,,,,,,,,,fair_line_only,overlay_only_until_weekly_engine_confirmation,WARPS v2.3 game prior
2026,13,CIN@CLE,2026-12-06,Sun,CIN,CLE,8.43,6.81,0.0,-0.0,0.4992,0.5008,+100,-100,,,,,,,,,,,,,,,,,,,,fair_line_only,overlay_only_until_weekly_engine_confirmation,WARPS v2.3 game prior
2026,13,DAL@SEA,2026-12-07,Mon,DAL,SEA,7.85,11.61,-6.7,6.7,0.6910,0.3090,-224,+224,,,,,,,,,,,,,,,,,,,,fair_line_only,overlay_only_until_weekly_engine_confirmation,WARPS v2.3 game prior
2026,13,DET@ATL,2026-12-06,Sun,DET,ATL,9.58,8.30,-0.4,0.4,0.5120,0.4880,-105,+105,,,,,,,,,,,,,,,,,,,,fair_line_only,overlay_only_until_weekly_engine_confirmation,WARPS v2.3 game prior
2026,13,GB@NO,2026-12-06,Sun,GB,NO,7.60,7.19,-1.5,1.5,0.5445,0.4555,-120,+120,,,,,,,,,,,,,,,,,,,,fair_line_only,overlay_only_until_weekly_engine_confirmation,WARPS v2.3 game prior
2026,13,HOU@PIT,2026-12-06,Sun,HOU,PIT,9.19,8.35,-0.9,0.9,0.5285,0.4715,-112,+112,,,,,,,,,,,,,,,,,,,,fair_line_only,overlay_only_until_weekly_engine_confirmation,WARPS v2.3 game prior
2026,13,JAX@CHI,2026-12-06,Sun,JAX,CHI,11.69,10.07,0.0,-0.0,0.4991,0.5009,+100,-100,,,,,,,,,,,,,,,,,,,,fair_line_only,overlay_only_until_weekly_engine_confirmation,WARPS v2.3 game prior
2026,13,KC@LAR,2026-12-03,Thu,KC,LAR,10.37,10.27,-1.9,1.9,0.5562,0.4438,-125,+125,,,,,,,,,,,,,,,,,,,,fair_line_only,overlay_only_until_weekly_engine_confirmation,WARPS v2.3 game prior
2026,13,LAC@TB,2026-12-06,Sun,LAC,TB,7.06,7.78,-2.9,2.9,0.5859,0.4141,-141,+141,,,,,,,,,,,,,,,,,,,,fair_line_only,overlay_only_until_weekly_engine_confirmation,WARPS v2.3 game prior
2026,13,MIA@DEN,2026-12-06,Sun,MIA,DEN,5.27,8.40,-5.9,5.9,0.6703,0.3297,-203,+203,,,,,,,,,,,,,,,,,,,,fair_line_only,overlay_only_until_weekly_engine_confirmation,WARPS v2.3 game prior
2026,13,PHI@ARI,2026-12-06,Sun,PHI,ARI,8.67,6.33,0.9,-0.9,0.4722,0.5278,+112,-112,,,,,,,,,,,,,,,,,,,,fair_line_only,overlay_only_until_weekly_engine_confirmation,WARPS v2.3 game prior
2026,13,SF@NYG,2026-12-06,Sun,SF,NYG,11.08,7.98,1.9,-1.9,0.4438,0.5562,+125,-125,,,,,,,,,,,,,,,,,,,,fair_line_only,overlay_only_until_weekly_engine_confirmation,WARPS v2.3 game prior
2026,13,WAS@TEN,2026-12-06,Sun,WAS,TEN,6.26,5.53,-1.1,1.1,0.5326,0.4674,-114,+114,,,,,,,,,,,,,,,,,,,,fair_line_only,overlay_only_until_weekly_engine_confirmation,WARPS v2.3 game prior
2026,14,ATL@CLE,2026-12-13,Sun,ATL,CLE,8.30,6.81,-0.1,0.1,0.5041,0.4959,-102,+102,,,,,,,,,,,,,,,,,,,,fair_line_only,overlay_only_until_weekly_engine_confirmation,WARPS v2.3 game prior
2026,14,BUF@GB,2026-12-13,Sun,BUF,GB,10.21,7.60,1.3,-1.3,0.4619,0.5381,+116,-116,,,,,,,,,,,,,,,,,,,,fair_line_only,overlay_only_until_weekly_engine_confirmation,WARPS v2.3 game prior
2026,14,CHI@MIA,2026-12-13,Sun,CHI,MIA,10.07,5.27,4.0,-4.0,0.3822,0.6178,+162,-162,,,,,,,,,,,,,,,,,,,,fair_line_only,overlay_only_until_weekly_engine_confirmation,WARPS v2.3 game prior
2026,14,DEN@NYJ,2026-12-13,Sun,DEN,NYJ,8.40,5.79,1.3,-1.3,0.4621,0.5379,+116,-116,,,,,,,,,,,,,,,,,,,,fair_line_only,overlay_only_until_weekly_engine_confirmation,WARPS v2.3 game prior
2026,14,HOU@WAS,2026-12-13,Sun,HOU,WAS,9.19,6.26,1.6,-1.6,0.4505,0.5495,+122,-122,,,,,,,,,,,,,,,,,,,,fair_line_only,overlay_only_until_weekly_engine_confirmation,WARPS v2.3 game prior
2026,14,IND@PHI,2026-12-13,Sun,IND,PHI,9.14,8.67,-1.4,1.4,0.5423,0.4577,-118,+118,,,,,,,,,,,,,,,,,,,,fair_line_only,overlay_only_until_weekly_engine_confirmation,WARPS v2.3 game prior
2026,14,KC@CIN,2026-12-13,Sun,KC,CIN,10.37,8.43,0.4,-0.4,0.4874,0.5126,+105,-105,,,,,,,,,,,,,,,,,,,,fair_line_only,overlay_only_until_weekly_engine_confirmation,WARPS v2.3 game prior
2026,14,LAC@LV,2026-12-13,Sun,LAC,LV,7.06,7.34,-2.3,2.3,0.5698,0.4302,-132,+132,,,,,,,,,,,,,,,,,,,,fair_line_only,overlay_only_until_weekly_engine_confirmation,WARPS v2.3 game prior
2026,14,LAR@SF,2026-12-13,Sun,LAR,SF,10.27,11.08,-3.0,3.0,0.5894,0.4106,-144,+144,,,,,,,,,,,,,,,,,,,,fair_line_only,overlay_only_until_weekly_engine_confirmation,WARPS v2.3 game prior
2026,14,MIN@NE,2026-12-10,Thu,MIN,NE,10.41,8.97,-0.2,0.2,0.5057,0.4943,-102,+102,,,,,,,,,,,,,,,,,,,,fair_line_only,overlay_only_until_weekly_engine_confirmation,WARPS v2.3 game prior
2026,14,NO@CAR,2026-12-13,Sun,NO,CAR,7.19,7.86,-2.8,2.8,0.5845,0.4155,-141,+141,,,,,,,,,,,,,,,,,,,,fair_line_only,overlay_only_until_weekly_engine_confirmation,WARPS v2.3 game prior
2026,14,NYG@SEA,2026-12-13,Sun,NYG,SEA,7.98,11.61,-6.5,6.5,0.6867,0.3133,-219,+219,,,,,,,,,,,,,,,,,,,,fair_line_only,overlay_only_until_weekly_engine_confirmation,WARPS v2.3 game prior
2026,14,PIT@JAX,2026-12-14,Mon,PIT,JAX,8.35,11.69,-6.2,6.2,0.6774,0.3226,-210,+210,,,,,,,,,,,,,,,,,,,,fair_line_only,overlay_only_until_weekly_engine_confirmation,WARPS v2.3 game prior
2026,14,TB@BAL,2026-12-13,Sun,TB,BAL,7.78,9.81,-4.5,4.5,0.6331,0.3669,-173,+173,,,,,,,,,,,,,,,,,,,,fair_line_only,overlay_only_until_weekly_engine_confirmation,WARPS v2.3 game prior
2026,14,TEN@DET,2026-12-13,Sun,TEN,DET,5.53,9.58,-7.0,7.0,0.7001,0.2999,-233,+233,,,,,,,,,,,,,,,,,,,,fair_line_only,overlay_only_until_weekly_engine_confirmation,WARPS v2.3 game prior
2026,15,ATL@WAS,2026-12-20,Sun,ATL,WAS,8.30,6.26,0.5,-0.5,0.4835,0.5165,+107,-107,,,,,,,,,,,,,,,,,,,,fair_line_only,overlay_only_until_weekly_engine_confirmation,WARPS v2.3 game prior
2026,15,BAL@PIT,2026-12-20,Sun,BAL,PIT,9.81,8.35,-0.2,0.2,0.5050,0.4950,-102,+102,,,,,,,,,,,,,,,,,,,,fair_line_only,overlay_only_until_weekly_engine_confirmation,WARPS v2.3 game prior
2026,15,CHI@BUF,2026-12-19,Sat,CHI,BUF,10.07,10.21,-2.2,2.2,0.5650,0.4350,-130,+130,,,,,,,,,,,,,,,,,,,,fair_line_only,overlay_only_until_weekly_engine_confirmation,WARPS v2.3 game prior
2026,15,CIN@CAR,2026-12-20,Sun,CIN,CAR,8.43,7.86,-1.3,1.3,0.5385,0.4615,-117,+117,,,,,,,,,,,,,,,,,,,,fair_line_only,overlay_only_until_weekly_engine_confirmation,WARPS v2.3 game prior
2026,15,CLE@NYG,2026-12-20,Sun,CLE,NYG,6.81,7.98,-3.4,3.4,0.6023,0.3977,-151,+151,,,,,,,,,,,,,,,,,,,,fair_line_only,overlay_only_until_weekly_engine_confirmation,WARPS v2.3 game prior
2026,15,DAL@LAR,2026-12-20,Sun,DAL,LAR,7.85,10.27,-5.0,5.0,0.6466,0.3534,-183,+183,,,,,,,,,,,,,,,,,,,,fair_line_only,overlay_only_until_weekly_engine_confirmation,WARPS v2.3 game prior
2026,15,DEN@LV,2026-12-20,Sun,DEN,LV,8.40,7.34,-0.7,0.7,0.5201,0.4799,-108,+108,,,,,,,,,,,,,,,,,,,,fair_line_only,overlay_only_until_weekly_engine_confirmation,WARPS v2.3 game prior
2026,15,DET@MIN,2026-12-20,Sun,DET,MIN,9.58,10.41,-3.0,3.0,0.5902,0.4098,-144,+144,,,,,,,,,,,,,,,,,,,,fair_line_only,overlay_only_until_weekly_engine_confirmation,WARPS v2.3 game prior
2026,15,IND@TEN,2026-12-20,Sun,IND,TEN,9.14,5.53,2.5,-2.5,0.4252,0.5748,+135,-135,,,,,,,,,,,,,,,,,,,,fair_line_only,overlay_only_until_weekly_engine_confirmation,WARPS v2.3 game prior
2026,15,JAX@HOU,2026-12-20,Sun,JAX,HOU,11.69,9.19,1.1,-1.1,0.4660,0.5340,+115,-115,,,,,,,,,,,,,,,,,,,,fair_line_only,overlay_only_until_weekly_engine_confirmation,WARPS v2.3 game prior
2026,15,MIA@GB,2026-12-20,Sun,MIA,GB,5.27,7.60,-4.9,4.9,0.6432,0.3568,-180,+180,,,,,,,,,,,,,,,,,,,,fair_line_only,overlay_only_until_weekly_engine_confirmation,WARPS v2.3 game prior
2026,15,NE@KC,2026-12-21,Mon,NE,KC,8.97,10.37,-3.7,3.7,0.6108,0.3892,-157,+157,,,,,,,,,,,,,,,,,,,,fair_line_only,overlay_only_until_weekly_engine_confirmation,WARPS v2.3 game prior
2026,15,NO@TB,2026-12-20,Sun,NO,TB,7.19,7.78,-2.7,2.7,0.5813,0.4187,-139,+139,,,,,,,,,,,,,,,,,,,,fair_line_only,overlay_only_until_weekly_engine_confirmation,WARPS v2.3 game prior
2026,15,NYJ@ARI,2026-12-20,Sun,NYJ,ARI,5.79,6.33,-2.7,2.7,0.5798,0.4202,-138,+138,,,,,,,,,,,,,,,,,,,,fair_line_only,overlay_only_until_weekly_engine_confirmation,WARPS v2.3 game prior
2026,15,SEA@PHI,2026-12-19,Sat,SEA,PHI,11.61,8.67,1.7,-1.7,0.4500,0.5500,+122,-122,,,,,,,,,,,,,,,,,,,,fair_line_only,overlay_only_until_weekly_engine_confirmation,WARPS v2.3 game prior
2026,15,SF@LAC,2026-12-17,Thu,SF,LAC,11.08,7.06,3.0,-3.0,0.4102,0.5898,+144,-144,,,,,,,,,,,,,,,,,,,,fair_line_only,overlay_only_until_weekly_engine_confirmation,WARPS v2.3 game prior
2026,16,ARI@NO,2026-12-27,Sun,ARI,NO,6.33,7.19,-3.1,3.1,0.5911,0.4089,-145,+145,,,,,,,,,,,,,,,,,,,,fair_line_only,overlay_only_until_weekly_engine_confirmation,WARPS v2.3 game prior
2026,16,BUF@DEN,2026-12-25,Fri,BUF,DEN,10.21,8.40,0.3,-0.3,0.4919,0.5081,+103,-103,,,,,,,,,,,,,,,,,,,,fair_line_only,overlay_only_until_weekly_engine_confirmation,WARPS v2.3 game prior
2026,16,CAR@PIT,2026-12-27,Sun,CAR,PIT,7.86,8.35,-2.6,2.6,0.5775,0.4225,-137,+137,,,,,,,,,,,,,,,,,,,,fair_line_only,overlay_only_until_weekly_engine_confirmation,WARPS v2.3 game prior
2026,16,CIN@IND,2026-12-27,Sun,CIN,IND,8.43,9.14,-2.9,2.9,0.5857,0.4143,-141,+141,,,,,,,,,,,,,,,,,,,,fair_line_only,overlay_only_until_weekly_engine_confirmation,WARPS v2.3 game prior
2026,16,CLE@BAL,2026-12-27,Sun,CLE,BAL,6.81,9.81,-5.7,5.7,0.6660,0.3340,-199,+199,,,,,,,,,,,,,,,,,,,,fair_line_only,overlay_only_until_weekly_engine_confirmation,WARPS v2.3 game prior
2026,16,GB@CHI,2026-12-25,Fri,GB,CHI,7.60,10.07,-5.1,5.1,0.6482,0.3518,-184,+184,,,,,,,,,,,,,,,,,,,,fair_line_only,overlay_only_until_weekly_engine_confirmation,WARPS v2.3 game prior
2026,16,HOU@PHI,2026-12-24,Thu,HOU,PHI,9.19,8.67,-1.4,1.4,0.5407,0.4593,-118,+118,,,,,,,,,,,,,,,,,,,,fair_line_only,overlay_only_until_weekly_engine_confirmation,WARPS v2.3 game prior
2026,16,JAX@DAL,2026-12-27,Sun,JAX,DAL,11.69,7.85,2.8,-2.8,0.4165,0.5835,+140,-140,,,,,,,,,,,,,,,,,,,,fair_line_only,overlay_only_until_weekly_engine_confirmation,WARPS v2.3 game prior
2026,16,LAC@MIA,2026-12-27,Sun,LAC,MIA,7.06,5.27,0.2,-0.2,0.4927,0.5073,+103,-103,,,,,,,,,,,,,,,,,,,,fair_line_only,overlay_only_until_weekly_engine_confirmation,WARPS v2.3 game prior
2026,16,LAR@SEA,2026-12-25,Fri,LAR,SEA,10.27,11.61,-3.7,3.7,0.6084,0.3916,-155,+155,,,,,,,,,,,,,,,,,,,,fair_line_only,overlay_only_until_weekly_engine_confirmation,WARPS v2.3 game prior
2026,16,NE@NYJ,2026-12-27,Sun,NE,NYJ,8.97,5.79,2.0,-2.0,0.4410,0.5590,+127,-127,,,,,,,,,,,,,,,,,,,,fair_line_only,overlay_only_until_weekly_engine_confirmation,WARPS v2.3 game prior
2026,16,NYG@DET,2026-12-28,Mon,NYG,DET,7.98,9.58,-4.0,4.0,0.6179,0.3821,-162,+162,,,,,,,,,,,,,,,,,,,,fair_line_only,overlay_only_until_weekly_engine_confirmation,WARPS v2.3 game prior
2026,16,SF@KC,2026-12-27,Sun,SF,KC,11.08,10.37,-1.1,1.1,0.5331,0.4669,-114,+114,,,,,,,,,,,,,,,,,,,,fair_line_only,overlay_only_until_weekly_engine_confirmation,WARPS v2.3 game prior
2026,16,TB@ATL,2026-12-27,Sun,TB,ATL,7.78,8.30,-2.6,2.6,0.5791,0.4209,-138,+138,,,,,,,,,,,,,,,,,,,,fair_line_only,overlay_only_until_weekly_engine_confirmation,WARPS v2.3 game prior
2026,16,TEN@LV,2026-12-27,Sun,TEN,LV,5.53,7.34,-4.2,4.2,0.6249,0.3751,-167,+167,,,,,,,,,,,,,,,,,,,,fair_line_only,overlay_only_until_weekly_engine_confirmation,WARPS v2.3 game prior
2026,16,WAS@MIN,2026-12-27,Sun,WAS,MIN,6.26,10.41,-7.2,7.2,0.7032,0.2968,-237,+237,,,,,,,,,,,,,,,,,,,,fair_line_only,overlay_only_until_weekly_engine_confirmation,WARPS v2.3 game prior
2026,17,BAL@CIN,2026-12-31,Thu,BAL,CIN,9.81,8.43,-0.3,0.3,0.5083,0.4917,-103,+103,,,,,,,,,,,,,,,,,,,,fair_line_only,overlay_only_until_weekly_engine_confirmation,WARPS v2.3 game prior
2026,17,BUF@MIA,2027-01-03,Sun,BUF,MIA,10.21,5.27,4.2,-4.2,0.3771,0.6229,+165,-165,,,,,,,,,,,,,,,,,,,,fair_line_only,overlay_only_until_weekly_engine_confirmation,WARPS v2.3 game prior
2026,17,DEN@NE,2027-01-03,Sun,DEN,NE,8.40,8.97,-2.7,2.7,0.5806,0.4194,-138,+138,,,,,,,,,,,,,,,,,,,,fair_line_only,overlay_only_until_weekly_engine_confirmation,WARPS v2.3 game prior
2026,17,DET@CHI,2027-01-03,Sun,DET,CHI,9.58,10.07,-2.6,2.6,0.5777,0.4223,-137,+137,,,,,,,,,,,,,,,,,,,,fair_line_only,overlay_only_until_weekly_engine_confirmation,WARPS v2.3 game prior
2026,17,HOU@GB,2027-01-04,Mon,HOU,GB,9.19,7.60,-0.0,0.0,0.5004,0.4996,-100,+100,,,,,,,,,,,,,,,,,,,,fair_line_only,overlay_only_until_weekly_engine_confirmation,WARPS v2.3 game prior
2026,17,IND@CLE,2027-01-03,Sun,IND,CLE,9.14,6.81,0.9,-0.9,0.4726,0.5274,+112,-112,,,,,,,,,,,,,,,,,,,,fair_line_only,overlay_only_until_weekly_engine_confirmation,WARPS v2.3 game prior
2026,17,KC@LAC,2027-01-03,Sun,KC,LAC,10.37,7.06,2.1,-2.1,0.4363,0.5637,+129,-129,,,,,,,,,,,,,,,,,,,,fair_line_only,overlay_only_until_weekly_engine_confirmation,WARPS v2.3 game prior
2026,17,LAR@TB,2027-01-03,Sun,LAR,TB,10.27,7.78,1.1,-1.1,0.4664,0.5336,+114,-114,,,,,,,,,,,,,,,,,,,,fair_line_only,overlay_only_until_weekly_engine_confirmation,WARPS v2.3 game prior
2026,17,LV@ARI,2027-01-03,Sun,LV,ARI,7.34,6.33,-0.7,0.7,0.5223,0.4777,-109,+109,,,,,,,,,,,,,,,,,,,,fair_line_only,overlay_only_until_weekly_engine_confirmation,WARPS v2.3 game prior
2026,17,MIN@NYJ,2027-01-03,Sun,MIN,NYJ,10.41,5.79,3.8,-3.8,0.3884,0.6116,+157,-157,,,,,,,,,,,,,,,,,,,,fair_line_only,overlay_only_until_weekly_engine_confirmation,WARPS v2.3 game prior
2026,17,NO@ATL,2027-01-03,Sun,NO,ATL,7.19,8.30,-3.4,3.4,0.6005,0.3995,-150,+150,,,,,,,,,,,,,,,,,,,,fair_line_only,overlay_only_until_weekly_engine_confirmation,WARPS v2.3 game prior
2026,17,NYG@DAL,2027-01-03,Sun,NYG,DAL,7.98,7.85,-1.8,1.8,0.5548,0.4452,-125,+125,,,,,,,,,,,,,,,,,,,,fair_line_only,overlay_only_until_weekly_engine_confirmation,WARPS v2.3 game prior
2026,17,PHI@SF,2027-01-03,Sun,PHI,SF,8.67,11.08,-5.0,5.0,0.6460,0.3540,-183,+183,,,,,,,,,,,,,,,,,,,,fair_line_only,overlay_only_until_weekly_engine_confirmation,WARPS v2.3 game prior
2026,17,PIT@TEN,2027-01-03,Sun,PIT,TEN,8.35,5.53,1.5,-1.5,0.4546,0.5454,+120,-120,,,,,,,,,,,,,,,,,,,,fair_line_only,overlay_only_until_weekly_engine_confirmation,WARPS v2.3 game prior
2026,17,SEA@CAR,2027-01-03,Sun,SEA,CAR,11.61,7.86,2.7,-2.7,0.4201,0.5799,+138,-138,,,,,,,,,,,,,,,,,,,,fair_line_only,overlay_only_until_weekly_engine_confirmation,WARPS v2.3 game prior
2026,17,WAS@JAX,2027-01-03,Sun,WAS,JAX,6.26,11.69,-8.8,8.8,0.7417,0.2583,-287,+287,,,,,,,,,,,,,,,,,,,,fair_line_only,overlay_only_until_weekly_engine_confirmation,WARPS v2.3 game prior
2026,18,ATL@CAR,2027-01-10,Sun,ATL,CAR,8.30,7.86,-1.4,1.4,0.5434,0.4566,-119,+119,,,,,,,,,,,,,,,,,,,,fair_line_only,overlay_only_until_weekly_engine_confirmation,WARPS v2.3 game prior
2026,18,CHI@MIN,2027-01-10,Sun,CHI,MIN,10.07,10.41,-2.4,2.4,0.5724,0.4276,-134,+134,,,,,,,,,,,,,,,,,,,,fair_line_only,overlay_only_until_weekly_engine_confirmation,WARPS v2.3 game prior
2026,18,CLE@CIN,2027-01-10,Sun,CLE,CIN,6.81,8.43,-4.0,4.0,0.6185,0.3815,-162,+162,,,,,,,,,,,,,,,,,,,,fair_line_only,overlay_only_until_weekly_engine_confirmation,WARPS v2.3 game prior
2026,18,DAL@WAS,2027-01-10,Sun,DAL,WAS,7.85,6.26,-0.0,0.0,0.5006,0.4994,-100,+100,,,,,,,,,,,,,,,,,,,,fair_line_only,overlay_only_until_weekly_engine_confirmation,WARPS v2.3 game prior
2026,18,DET@GB,2027-01-10,Sun,DET,GB,9.58,7.60,0.5,-0.5,0.4855,0.5145,+106,-106,,,,,,,,,,,,,,,,,,,,fair_line_only,overlay_only_until_weekly_engine_confirmation,WARPS v2.3 game prior
2026,18,JAX@IND,2027-01-10,Sun,JAX,IND,11.69,9.14,1.2,-1.2,0.4644,0.5356,+115,-115,,,,,,,,,,,,,,,,,,,,fair_line_only,overlay_only_until_weekly_engine_confirmation,WARPS v2.3 game prior
2026,18,LAC@DEN,2027-01-10,Sun,LAC,DEN,7.06,8.40,-3.7,3.7,0.6083,0.3917,-155,+155,,,,,,,,,,,,,,,,,,,,fair_line_only,overlay_only_until_weekly_engine_confirmation,WARPS v2.3 game prior
2026,18,LV@KC,2027-01-10,Sun,LV,KC,7.34,10.37,-5.8,5.8,0.6671,0.3329,-200,+200,,,,,,,,,,,,,,,,,,,,fair_line_only,overlay_only_until_weekly_engine_confirmation,WARPS v2.3 game prior
2026,18,MIA@NE,2027-01-10,Sun,MIA,NE,5.27,8.97,-6.6,6.6,0.6888,0.3112,-221,+221,,,,,,,,,,,,,,,,,,,,fair_line_only,overlay_only_until_weekly_engine_confirmation,WARPS v2.3 game prior
2026,18,NYJ@BUF,2027-01-10,Sun,NYJ,BUF,5.79,10.21,-7.5,7.5,0.7118,0.2882,-247,+247,,,,,,,,,,,,,,,,,,,,fair_line_only,overlay_only_until_weekly_engine_confirmation,WARPS v2.3 game prior
2026,18,PHI@NYG,2027-01-10,Sun,PHI,NYG,8.67,7.98,-1.1,1.1,0.5339,0.4661,-115,+115,,,,,,,,,,,,,,,,,,,,fair_line_only,overlay_only_until_weekly_engine_confirmation,WARPS v2.3 game prior
2026,18,PIT@BAL,2027-01-10,Sun,PIT,BAL,8.35,9.81,-3.8,3.8,0.6130,0.3870,-158,+158,,,,,,,,,,,,,,,,,,,,fair_line_only,overlay_only_until_weekly_engine_confirmation,WARPS v2.3 game prior
2026,18,SEA@LAR,2027-01-10,Sun,SEA,LAR,11.61,10.27,-0.3,0.3,0.5099,0.4901,-104,+104,,,,,,,,,,,,,,,,,,,,fair_line_only,overlay_only_until_weekly_engine_confirmation,WARPS v2.3 game prior
2026,18,SF@ARI,2027-01-10,Sun,SF,ARI,11.08,6.33,3.9,-3.9,0.3839,0.6161,+160,-160,,,,,,,,,,,,,,,,,,,,fair_line_only,overlay_only_until_weekly_engine_confirmation,WARPS v2.3 game prior
2026,18,TB@NO,2027-01-10,Sun,TB,NO,7.78,7.19,-1.3,1.3,0.5379,0.4621,-116,+116,,,,,,,,,,,,,,,,,,,,fair_line_only,overlay_only_until_weekly_engine_confirmation,WARPS v2.3 game prior
2026,18,TEN@HOU,2027-01-10,Sun,TEN,HOU,5.53,9.19,-6.5,6.5,0.6874,0.3126,-220,+220,,,,,,,,,,,,,,,,,,,,fair_line_only,overlay_only_until_weekly_engine_confirmation,WARPS v2.3 game prior
