key,season,season_type,week,matchup_key,away_tla,home_tla,action,market,side,pick_label,confidence,selector_score,classification,recommendation,required_line,current_line,warps_alignment,warps_side,source_health,data_quality,quality_gate,main_reasons,risk_flags,market_status,spread_status,total_status,moneyline_status,moneyline_promotion_status,route_selected_market,route_reason,market_options
2026:5:SF@SEA,2026,REG,5,SF@SEA,SF,SEA,watch,spread,AWAY,SF 49,watch,3.0,📊 LEAN,👀 LEAN: San Francisco 49ers +3.5 (proceed with caution),Prefer AWAY at a better number than WARPS fair +4.3,+3.5 (-120) | -3.5 (+120),conflict,HOME,DEGRADED,DEGRADED,,👀 LEAN: San Francisco 49ers +3.5 (proceed with caution),source warning DEGRADED; WARPS spread conflict,playable,playable,lean,research_only,not_promoted,spread,spread routed as best available market with status playable; WARPS conflict keeps risk elevated,"[{""market"":""spread"",""side"":""AWAY"",""status"":""playable"",""score"":3.0,""threshold"":2.5,""blockers"":[],""signals"":[{""impact"":1,""score"":1,""side"":""AWAY"",""source"":""sharp"",""status"":""aligned""},{""impact"":2,""score"":2,""side"":""AWAY"",""source"":""team_rating"",""status"":""aligned""}],""conflicts"":[],""warps_alignment"":""conflict"",""warps_side"":""HOME"",""warps_team"":""SEA"",""edge_value"":0.8},{""market"":""total"",""side"":""OVER"",""status"":""lean"",""score"":3.0,""threshold"":4.0,""blockers"":[],""signals"":[{""impact"":1,""score"":1,""side"":""OVER"",""source"":""sharp"",""status"":""aligned""},{""impact"":2,""reasons"":[""referee over trend""],""score"":2,""side"":""OVER"",""source"":""ref_weather_context"",""status"":""aligned""}],""conflicts"":[],""warps_alignment"":null,""warps_side"":null,""warps_team"":null,""edge_value"":null},{""market"":""moneyline"",""side"":""HOME"",""status"":""research_only"",""promotion_status"":""not_promoted"",""score"":2.1,""threshold"":5.0,""blockers"":[""moneyline selector not promoted""],""signals"":[],""conflicts"":[],""warps_alignment"":""research_only"",""warps_side"":""HOME"",""warps_team"":""SEA"",""edge_value"":0.0359}]"
2026:5:BAL@ATL,2026,REG,5,BAL@ATL,BAL,ATL,pass,,,,none,,,,No bet,+3.5 (-106) | -3.5 (+106),no_spread_pick,AWAY,DEGRADED,DEGRADED,,Selector did not clear an actionable market threshold,source warning DEGRADED,,blocked,lean,research_only,not_promoted,,Blocked by risk/source flags: source warning DEGRADED,"[{""market"":""spread"",""side"":""HOME"",""status"":""blocked"",""score"":0.0,""threshold"":4.0,""blockers"":[""team-rating conflict""],""signals"":[{""impact"":1,""score"":-1,""side"":""HOME"",""source"":""sharp"",""status"":""aligned""}],""conflicts"":[{""score"":2,""side"":""AWAY"",""source"":""team_rating"",""status"":""conflict""},{""impact"":0,""score"":-2.0,""side"":""AWAY"",""source"":""injury"",""status"":""conflict""}],""warps_alignment"":""no_spread_pick"",""warps_side"":""AWAY"",""warps_team"":""BAL"",""edge_value"":3.4},{""market"":""total"",""side"":""UNDER"",""status"":""lean"",""score"":0.0,""threshold"":4.0,""blockers"":[],""signals"":[],""conflicts"":[],""warps_alignment"":null,""warps_side"":null,""warps_team"":null,""edge_value"":null},{""market"":""moneyline"",""side"":""AWAY"",""status"":""research_only"",""promotion_status"":""not_promoted"",""score"":11.3,""threshold"":5.0,""blockers"":[""moneyline selector not promoted"",""underdog ML not predictive (32% win rate historically, all edge levels)""],""signals"":[],""conflicts"":[],""warps_alignment"":""research_only"",""warps_side"":""AWAY"",""warps_team"":""BAL"",""edge_value"":0.2943}]"
2026:5:BUF@LAR,2026,REG,5,BUF@LAR,BUF,LAR,pass,,,,none,,,,No bet,+3.5 (-120) | -3.5 (+122),no_spread_pick,AWAY,DEGRADED,DEGRADED,,Selector did not clear an actionable market threshold,source warning DEGRADED,,lean,lean,research_only,not_promoted,,Blocked by risk/source flags: source warning DEGRADED,"[{""market"":""spread"",""side"":""HOME"",""status"":""lean"",""score"":3.0,""threshold"":4.0,""blockers"":[],""signals"":[{""impact"":3,""score"":-3,""side"":""HOME"",""source"":""sharp"",""status"":""aligned""}],""conflicts"":[],""warps_alignment"":""no_spread_pick"",""warps_side"":""AWAY"",""warps_team"":""BUF"",""edge_value"":0.4},{""market"":""total"",""side"":""OVER"",""status"":""lean"",""score"":1.0,""threshold"":4.0,""blockers"":[],""signals"":[{""impact"":1,""score"":1,""side"":""OVER"",""source"":""sharp"",""status"":""aligned""}],""conflicts"":[],""warps_alignment"":null,""warps_side"":null,""warps_team"":null,""edge_value"":null},{""market"":""moneyline"",""side"":""AWAY"",""status"":""research_only"",""promotion_status"":""not_promoted"",""score"":0.5,""threshold"":5.0,""blockers"":[""moneyline selector not promoted"",""underdog ML not predictive (32% win rate historically, all edge levels)""],""signals"":[],""conflicts"":[],""warps_alignment"":""research_only"",""warps_side"":""AWAY"",""warps_team"":""BUF"",""edge_value"":0.0132}]"
2026:5:CHI@GB,2026,REG,5,CHI@GB,CHI,GB,pass,,,,none,,,,No bet,-2.5 (-104) | +2.5 (+104),no_spread_pick,HOME,DEGRADED,DEGRADED,,Selector did not clear an actionable market threshold,source warning DEGRADED,,blocked,lean,research_only,not_promoted,,Blocked by risk/source flags: source warning DEGRADED,"[{""market"":""spread"",""side"":""AWAY"",""status"":""blocked"",""score"":0.0,""threshold"":4.0,""blockers"":[""sharp spread edge required""],""signals"":[{""impact"":2,""score"":2,""side"":""AWAY"",""source"":""team_rating"",""status"":""aligned""},{""impact"":0,""score"":-3.5,""side"":""AWAY"",""source"":""injury"",""status"":""aligned""}],""conflicts"":[],""warps_alignment"":""no_spread_pick"",""warps_side"":""HOME"",""warps_team"":""GB"",""edge_value"":5.1},{""market"":""total"",""side"":""UNDER"",""status"":""lean"",""score"":3.0,""threshold"":4.0,""blockers"":[],""signals"":[{""impact"":1,""score"":-1,""side"":""UNDER"",""source"":""sharp"",""status"":""aligned""},{""impact"":2,""reasons"":[""referee under trend""],""score"":-2,""side"":""UNDER"",""source"":""ref_weather_context"",""status"":""aligned""}],""conflicts"":[],""warps_alignment"":null,""warps_side"":null,""warps_team"":null,""edge_value"":null},{""market"":""moneyline"",""side"":""HOME"",""status"":""research_only"",""promotion_status"":""not_promoted"",""score"":16.1,""threshold"":5.0,""blockers"":[""moneyline selector not promoted"",""underdog ML not predictive (32% win rate historically, all edge levels)""],""signals"":[],""conflicts"":[],""warps_alignment"":""research_only"",""warps_side"":""HOME"",""warps_team"":""GB"",""edge_value"":0.387}]"
2026:5:CIN@MIA,2026,REG,5,CIN@MIA,CIN,MIA,pass,,,,none,,,,No bet,-6.5 (-108) | +6.5 (+108),no_spread_pick,HOME,DEGRADED,DEGRADED,,Selector did not clear an actionable market threshold,source warning DEGRADED,,lean,lean,research_only,not_promoted,,Blocked by risk/source flags: source warning DEGRADED,"[{""market"":""spread"",""side"":""AWAY"",""status"":""lean"",""score"":3.0,""threshold"":5.5,""blockers"":[],""signals"":[{""impact"":1,""score"":1,""side"":""AWAY"",""source"":""sharp"",""status"":""aligned""},{""impact"":2,""score"":2,""side"":""AWAY"",""source"":""team_rating"",""status"":""aligned""}],""conflicts"":[{""impact"":0,""score"":0.7,""side"":""HOME"",""source"":""injury"",""status"":""conflict""}],""warps_alignment"":""no_spread_pick"",""warps_side"":""HOME"",""warps_team"":""MIA"",""edge_value"":7.3},{""market"":""total"",""side"":""OVER"",""status"":""lean"",""score"":1.0,""threshold"":4.0,""blockers"":[],""signals"":[{""impact"":1,""score"":1,""side"":""OVER"",""source"":""sharp"",""status"":""aligned""}],""conflicts"":[],""warps_alignment"":null,""warps_side"":null,""warps_team"":null,""edge_value"":null},{""market"":""moneyline"",""side"":""HOME"",""status"":""research_only"",""promotion_status"":""not_promoted"",""score"":27.8,""threshold"":5.0,""blockers"":[""moneyline selector not promoted"",""underdog ML not predictive (32% win rate historically, all edge levels)""],""signals"":[],""conflicts"":[],""warps_alignment"":""research_only"",""warps_side"":""HOME"",""warps_team"":""MIA"",""edge_value"":1.1347}]"
2026:5:CLE@NYJ,2026,REG,5,CLE@NYJ,CLE,NYJ,pass,,,,none,,,,No bet,+1.5 (+106) | -1.5 (-106),no_spread_pick,AWAY,DEGRADED,DEGRADED,warn,Selector did not clear an actionable market threshold,source warning DEGRADED; quality gate warn,,blocked,blocked,research_only,not_promoted,,"Blocked by risk/source flags: source warning DEGRADED, quality gate warn","[{""market"":""spread"",""side"":null,""status"":""blocked"",""score"":null,""threshold"":null,""blockers"":[""candidate unavailable""],""signals"":[],""conflicts"":[],""warps_alignment"":""no_spread_pick"",""warps_side"":""AWAY"",""warps_team"":""CLE"",""edge_value"":1.8},{""market"":""total"",""side"":null,""status"":""blocked"",""score"":null,""threshold"":null,""blockers"":[""candidate unavailable""],""signals"":[],""conflicts"":[],""warps_alignment"":null,""warps_side"":null,""warps_team"":null,""edge_value"":null},{""market"":""moneyline"",""side"":""AWAY"",""status"":""research_only"",""promotion_status"":""not_promoted"",""score"":6.4,""threshold"":5.0,""blockers"":[""moneyline selector not promoted"",""underdog ML not predictive (32% win rate historically, all edge levels)""],""signals"":[],""conflicts"":[],""warps_alignment"":""research_only"",""warps_side"":""AWAY"",""warps_team"":""CLE"",""edge_value"":0.1444}]"
2026:5:DEN@LAC,2026,REG,5,DEN@LAC,DEN,LAC,pass,,,,none,,,,No bet,-3.5 (+108) | +3.5 (-106),no_spread_pick,HOME,DEGRADED,DEGRADED,,Selector did not clear an actionable market threshold,source warning DEGRADED,,blocked,blocked,research_only,not_promoted,,Blocked by risk/source flags: source warning DEGRADED,"[{""market"":""spread"",""side"":null,""status"":""blocked"",""score"":null,""threshold"":null,""blockers"":[""candidate unavailable""],""signals"":[],""conflicts"":[],""warps_alignment"":""no_spread_pick"",""warps_side"":""HOME"",""warps_team"":""LAC"",""edge_value"":4.2},{""market"":""total"",""side"":null,""status"":""blocked"",""score"":null,""threshold"":null,""blockers"":[""candidate unavailable""],""signals"":[],""conflicts"":[],""warps_alignment"":null,""warps_side"":null,""warps_team"":null,""edge_value"":null},{""market"":""moneyline"",""side"":""HOME"",""status"":""research_only"",""promotion_status"":""not_promoted"",""score"":14.5,""threshold"":5.0,""blockers"":[""moneyline selector not promoted"",""underdog ML not predictive (32% win rate historically, all edge levels)""],""signals"":[],""conflicts"":[],""warps_alignment"":""research_only"",""warps_side"":""HOME"",""warps_team"":""LAC"",""edge_value"":0.3881}]"
2026:5:DET@ARI,2026,REG,5,DET@ARI,DET,ARI,pass,,,,none,,,,No bet,-5.5 (-102) | +5.5 (+102),no_spread_pick,HOME,DEGRADED,DEGRADED,,Selector did not clear an actionable market threshold,source warning DEGRADED,,blocked,blocked,research_only,not_promoted,,Blocked by risk/source flags: source warning DEGRADED,"[{""market"":""spread"",""side"":null,""status"":""blocked"",""score"":null,""threshold"":null,""blockers"":[""candidate unavailable""],""signals"":[],""conflicts"":[],""warps_alignment"":""no_spread_pick"",""warps_side"":""HOME"",""warps_team"":""ARI"",""edge_value"":2.8},{""market"":""total"",""side"":null,""status"":""blocked"",""score"":null,""threshold"":null,""blockers"":[""candidate unavailable""],""signals"":[],""conflicts"":[],""warps_alignment"":null,""warps_side"":null,""warps_team"":null,""edge_value"":null},{""market"":""moneyline"",""side"":""HOME"",""status"":""research_only"",""promotion_status"":""not_promoted"",""score"":11.4,""threshold"":5.0,""blockers"":[""moneyline selector not promoted"",""underdog ML not predictive (32% win rate historically, all edge levels)""],""signals"":[],""conflicts"":[],""warps_alignment"":""research_only"",""warps_side"":""HOME"",""warps_team"":""ARI"",""edge_value"":0.3753}]"
2026:5:HOU@TEN,2026,REG,5,HOU@TEN,HOU,TEN,pass,,,,none,,,,No bet,-7.5 (+104) | +7.5 (-102),no_spread_pick,HOME,DEGRADED,DEGRADED,,Selector did not clear an actionable market threshold,source warning DEGRADED,,blocked,lean,research_only,not_promoted,,Blocked by risk/source flags: source warning DEGRADED,"[{""market"":""spread"",""side"":""AWAY"",""status"":""blocked"",""score"":0.0,""threshold"":4.0,""blockers"":[""team-rating conflict""],""signals"":[{""impact"":1,""score"":1,""side"":""AWAY"",""source"":""sharp"",""status"":""aligned""}],""conflicts"":[{""score"":2,""side"":""HOME"",""source"":""team_rating"",""status"":""conflict""}],""warps_alignment"":""no_spread_pick"",""warps_side"":""HOME"",""warps_team"":""TEN"",""edge_value"":3.4},{""market"":""total"",""side"":""UNDER"",""status"":""lean"",""score"":3.0,""threshold"":4.0,""blockers"":[],""signals"":[{""impact"":1,""score"":-1,""side"":""UNDER"",""source"":""sharp"",""status"":""aligned""},{""impact"":2,""reasons"":[""referee under trend""],""score"":-2,""side"":""UNDER"",""source"":""ref_weather_context"",""status"":""aligned""}],""conflicts"":[],""warps_alignment"":null,""warps_side"":null,""warps_team"":null,""edge_value"":null},{""market"":""moneyline"",""side"":""HOME"",""status"":""research_only"",""promotion_status"":""not_promoted"",""score"":13.6,""threshold"":5.0,""blockers"":[""moneyline selector not promoted"",""underdog ML not predictive (32% win rate historically, all edge levels)""],""signals"":[],""conflicts"":[],""warps_alignment"":""research_only"",""warps_side"":""HOME"",""warps_team"":""TEN"",""edge_value"":0.5553}]"
2026:5:IND@PIT,2026,REG,5,IND@PIT,IND,PIT,pass,,,,none,,,,No bet,+2.5 (+108) | -2.5 (-105),no_spread_pick,AWAY,DEGRADED,DEGRADED,,Selector did not clear an actionable market threshold,source warning DEGRADED,,blocked,blocked,research_only,not_promoted,,Blocked by risk/source flags: source warning DEGRADED,"[{""market"":""spread"",""side"":null,""status"":""blocked"",""score"":null,""threshold"":null,""blockers"":[""candidate unavailable""],""signals"":[],""conflicts"":[],""warps_alignment"":""no_spread_pick"",""warps_side"":""AWAY"",""warps_team"":""IND"",""edge_value"":1.3},{""market"":""total"",""side"":null,""status"":""blocked"",""score"":null,""threshold"":null,""blockers"":[""candidate unavailable""],""signals"":[],""conflicts"":[],""warps_alignment"":null,""warps_side"":null,""warps_team"":null,""edge_value"":null},{""market"":""moneyline"",""side"":""AWAY"",""status"":""research_only"",""promotion_status"":""not_promoted"",""score"":3.9,""threshold"":5.0,""blockers"":[""moneyline selector not promoted"",""underdog ML not predictive (32% win rate historically, all edge levels)""],""signals"":[],""conflicts"":[],""warps_alignment"":""research_only"",""warps_side"":""AWAY"",""warps_team"":""IND"",""edge_value"":0.0942}]"
2026:5:LV@NE,2026,REG,5,LV@NE,LV,NE,pass,,,,none,,,,No bet,+3.5 (+102) | -3.5 (-102),no_spread_pick,HOME,DEGRADED,DEGRADED,,Selector did not clear an actionable market threshold,source warning DEGRADED,,lean,lean,research_only,not_promoted,,Blocked by risk/source flags: source warning DEGRADED,"[{""market"":""spread"",""side"":""AWAY"",""status"":""lean"",""score"":3.0,""threshold"":4.0,""blockers"":[],""signals"":[{""impact"":1,""score"":1,""side"":""AWAY"",""source"":""sharp"",""status"":""aligned""},{""impact"":2,""score"":2,""side"":""AWAY"",""source"":""team_rating"",""status"":""aligned""}],""conflicts"":[],""warps_alignment"":""no_spread_pick"",""warps_side"":""HOME"",""warps_team"":""NE"",""edge_value"":4.5},{""market"":""total"",""side"":""OVER"",""status"":""lean"",""score"":2.0,""threshold"":4.0,""blockers"":[],""signals"":[{""impact"":2,""score"":2,""side"":""OVER"",""source"":""sharp"",""status"":""aligned""}],""conflicts"":[],""warps_alignment"":null,""warps_side"":null,""warps_team"":null,""edge_value"":null},{""market"":""moneyline"",""side"":""HOME"",""status"":""research_only"",""promotion_status"":""not_promoted"",""score"":9.8,""threshold"":5.0,""blockers"":[""moneyline selector not promoted""],""signals"":[],""conflicts"":[],""warps_alignment"":""research_only"",""warps_side"":""HOME"",""warps_team"":""NE"",""edge_value"":0.1561}]"
2026:5:MIN@NO,2026,REG,5,MIN@NO,MIN,NO,pass,,,,none,,,,No bet,-2.5 (+104) | +2.5 (-102),no_spread_pick,HOME,DEGRADED,DEGRADED,,Selector did not clear an actionable market threshold,source warning DEGRADED,,blocked,lean,research_only,not_promoted,,Blocked by risk/source flags: source warning DEGRADED,"[{""market"":""spread"",""side"":""HOME"",""status"":""blocked"",""score"":0.0,""threshold"":4.0,""blockers"":[""team-rating conflict""],""signals"":[{""impact"":2,""score"":-2,""side"":""HOME"",""source"":""sharp"",""status"":""aligned""}],""conflicts"":[{""score"":2,""side"":""AWAY"",""source"":""team_rating"",""status"":""conflict""},{""impact"":0,""score"":-0.8,""side"":""AWAY"",""source"":""injury"",""status"":""conflict""}],""warps_alignment"":""no_spread_pick"",""warps_side"":""HOME"",""warps_team"":""NO"",""edge_value"":2.6},{""market"":""total"",""side"":""OVER"",""status"":""lean"",""score"":0.0,""threshold"":4.0,""blockers"":[],""signals"":[],""conflicts"":[],""warps_alignment"":null,""warps_side"":null,""warps_team"":null,""edge_value"":null},{""market"":""moneyline"",""side"":""HOME"",""status"":""research_only"",""promotion_status"":""not_promoted"",""score"":5.9,""threshold"":5.0,""blockers"":[""moneyline selector not promoted"",""underdog ML not predictive (32% win rate historically, all edge levels)""],""signals"":[],""conflicts"":[],""warps_alignment"":""research_only"",""warps_side"":""HOME"",""warps_team"":""NO"",""edge_value"":0.1318}]"
2026:5:NYG@WAS,2026,REG,5,NYG@WAS,NYG,WAS,pass,,,,none,,,,No bet,+3.5 (-102) | -3.5 (+102),no_spread_pick,AWAY,DEGRADED,DEGRADED,,Selector did not clear an actionable market threshold,source warning DEGRADED,,lean,lean,research_only,not_promoted,,Blocked by risk/source flags: source warning DEGRADED,"[{""market"":""spread"",""side"":""AWAY"",""status"":""lean"",""score"":3.0,""threshold"":4.0,""blockers"":[],""signals"":[{""impact"":1,""score"":1,""side"":""AWAY"",""source"":""sharp"",""status"":""aligned""},{""impact"":2,""score"":2,""side"":""AWAY"",""source"":""team_rating"",""status"":""aligned""}],""conflicts"":[{""impact"":0,""score"":2.8,""side"":""HOME"",""source"":""injury"",""status"":""conflict""}],""warps_alignment"":""no_spread_pick"",""warps_side"":""AWAY"",""warps_team"":""NYG"",""edge_value"":2.5},{""market"":""total"",""side"":""UNDER"",""status"":""lean"",""score"":0.0,""threshold"":4.0,""blockers"":[],""signals"":[],""conflicts"":[],""warps_alignment"":null,""warps_side"":null,""warps_team"":null,""edge_value"":null},{""market"":""moneyline"",""side"":""AWAY"",""status"":""research_only"",""promotion_status"":""not_promoted"",""score"":9.6,""threshold"":5.0,""blockers"":[""moneyline selector not promoted"",""underdog ML not predictive (32% win rate historically, all edge levels)""],""signals"":[],""conflicts"":[],""warps_alignment"":""research_only"",""warps_side"":""AWAY"",""warps_team"":""NYG"",""edge_value"":0.257}]"
2026:5:PHI@JAX,2026,REG,5,PHI@JAX,PHI,JAX,pass,,,,none,,,,No bet,+7.5 (-102) | -7.5 (+102),no_spread_pick,AWAY,DEGRADED,DEGRADED,,Selector did not clear an actionable market threshold,source warning DEGRADED,,blocked,lean,research_only,not_promoted,,Blocked by risk/source flags: source warning DEGRADED,"[{""market"":""spread"",""side"":""HOME"",""status"":""blocked"",""score"":0.0,""threshold"":5.5,""blockers"":[""sharp spread edge required""],""signals"":[{""impact"":2,""score"":2,""side"":""HOME"",""source"":""team_rating"",""status"":""aligned""}],""conflicts"":[{""impact"":0,""score"":-1.0499999999999998,""side"":""AWAY"",""source"":""injury"",""status"":""conflict""}],""warps_alignment"":""no_spread_pick"",""warps_side"":""AWAY"",""warps_team"":""PHI"",""edge_value"":4.7},{""market"":""total"",""side"":""UNDER"",""status"":""lean"",""score"":2.0,""threshold"":4.0,""blockers"":[],""signals"":[{""impact"":2,""reasons"":[""referee under trend""],""score"":-2,""side"":""UNDER"",""source"":""ref_weather_context"",""status"":""aligned""}],""conflicts"":[],""warps_alignment"":null,""warps_side"":null,""warps_team"":null,""edge_value"":null},{""market"":""moneyline"",""side"":""AWAY"",""status"":""research_only"",""promotion_status"":""not_promoted"",""score"":18.2,""threshold"":5.0,""blockers"":[""moneyline selector not promoted"",""underdog ML not predictive (32% win rate historically, all edge levels)""],""signals"":[],""conflicts"":[],""warps_alignment"":""research_only"",""warps_side"":""AWAY"",""warps_team"":""PHI"",""edge_value"":0.7739}]"
2026:5:TB@DAL,2026,REG,5,TB@DAL,TB,DAL,pass,,,,none,,,,No bet,+7.5 (+106) | -7.5 (-106),no_spread_pick,AWAY,DEGRADED,DEGRADED,,Selector did not clear an actionable market threshold,source warning DEGRADED,,lean,lean,research_only,not_promoted,,Blocked by risk/source flags: source warning DEGRADED,"[{""market"":""spread"",""side"":""AWAY"",""status"":""lean"",""score"":1.0,""threshold"":5.0,""blockers"":[],""signals"":[{""impact"":1,""score"":1,""side"":""AWAY"",""source"":""sharp"",""status"":""aligned""},{""impact"":0,""score"":-4.0,""side"":""AWAY"",""source"":""injury"",""status"":""aligned""}],""conflicts"":[],""warps_alignment"":""no_spread_pick"",""warps_side"":""AWAY"",""warps_team"":""TB"",""edge_value"":7.3},{""market"":""total"",""side"":""OVER"",""status"":""lean"",""score"":2.0,""threshold"":4.0,""blockers"":[],""signals"":[{""impact"":2,""score"":2,""side"":""OVER"",""source"":""sharp"",""status"":""aligned""}],""conflicts"":[],""warps_alignment"":null,""warps_side"":null,""warps_team"":null,""edge_value"":null},{""market"":""moneyline"",""side"":""AWAY"",""status"":""research_only"",""promotion_status"":""not_promoted"",""score"":30.0,""threshold"":5.0,""blockers"":[""moneyline selector not promoted"",""underdog ML not predictive (32% win rate historically, all edge levels)""],""signals"":[],""conflicts"":[],""warps_alignment"":""research_only"",""warps_side"":""AWAY"",""warps_team"":""TB"",""edge_value"":1.5399}]"
